timestamp,melting,rainfall,flow
2000-01-01T00:00:00+00:00,0.04967141530112327,-0.04035829005429116,
2000-01-02T00:00:00+00:00,0.001665590423132749,0.25625946471682437,
2000-01-03T00:00:00+00:00,0.09574830427054042,-0.6081846010320389,
2000-01-04T00:00:00+00:00,0.19876068614173092,0.9456277934421525,
2000-01-05T00:00:00+00:00,0.03850684664975428,0.6607081940399082,
2000-01-06T00:00:00+00:00,0.05395462316878376,0.8899207961638411,0.07945643719525561
2000-01-07T00:00:00+00:00,0.25071280925343054,-1.2311858195380656,0.11273869812734039
2000-01-08T00:00:00+00:00,0.1849307133247083,1.0441873523903638,0.4812309461137755
2000-01-09T00:00:00+00:00,0.07660345630844309,-0.2867366836363659,0.07075232655355254
2000-01-10T00:00:00+00:00,0.19313394295644948,0.1631756671347434,0.0961601713373684
2000-01-11T00:00:00+00:00,0.10782206048208359,-1.0074169196536773,-0.1710185465255692
2000-01-12T00:00:00+00:00,0.12283106350189411,-0.18107700355962697,0.14115836651356256
2000-01-13T00:00:00+00:00,0.2087902770383607,-0.917623522820843,-0.12858771184964765
2000-01-14T00:00:00+00:00,0.008401337237969125,-0.5288263499066818,-0.273023775630818
2000-01-15T00:00:00+00:00,0.042313706154051806,0.957015676933393,-0.022438611935411454
2000-01-16T00:00:00+00:00,0.17358921268047103,0.12160066917710566,0.17945478820205082
2000-01-17T00:00:00+00:00,0.14347922974725258,0.49963217782387626,0.055505017698902225
2000-01-18T00:00:00+00:00,0.29105892285207546,0.9224978214352888,0.37356293228029674
2000-01-19T00:00:00+00:00,0.18362669463853903,0.7353049000772142,0.19847849737655598
2000-01-20T00:00:00+00:00,0.14791232538959884,0.4661251938058032,0.20002929162715383
2000-01-21T00:00:00+00:00,0.45033548652685734,0.3994223707918919,0.43633348052168075
2000-01-22T00:00:00+00:00,0.29573087991008085,1.2017077926191377,0.5926570256001564
2000-01-23T00:00:00+00:00,0.3395049090703982,-0.2457512680755716,0.43677169522645126
2000-01-24T00:00:00+00:00,0.2046222469979007,-0.29036621787653105,0.2136213313934271
2000-01-25T00:00:00+00:00,0.30690091783285744,0.03786324191289425,0.18417289517431698
2000-01-26T00:00:00+00:00,0.3865665013220717,0.06529901038808006,0.17700222576325783
2000-01-27T00:00:00+00:00,0.2743986755531577,0.202599411546175,0.1852813903800818
2000-01-28T00:00:00+00:00,0.4409762094009368,0.10242324145581302,0.2697676295101832
2000-01-29T00:00:00+00:00,0.3571313748206853,-0.571502456365242,0.04077033510941433
2000-01-30T00:00:00+00:00,0.4016910811248819,1.0336576357093268,0.18969392841389385
2000-01-31T00:00:00+00:00,0.38422733392103975,-0.18225695527532926,0.278363161333315
2000-02-01T00:00:00+00:00,0.6430316679177878,0.6387816887104284,0.19563767959601902
2000-02-02T00:00:00+00:00,0.4697243241552019,0.1103260310812329,0.31677543762392785
2000-02-03T00:00:00+00:00,0.37843356148887963,0.3588465679375188,0.5844733631433119
2000-02-04T00:00:00+00:00,0.5794462730611766,0.3813230747105195,0.3068450112042783
2000-02-05T00:00:00+00:00,0.3879472156649036,0.16067860772513684,0.32127524877488134
2000-02-06T00:00:00+00:00,0.5436066056088963,-0.00598149244113641,0.3572809322967051
2000-02-07T00:00:00+00:00,0.33928700587670946,0.41593989329530884,0.44036202435032934
2000-02-08T00:00:00+00:00,0.41481057821377043,-0.2606968053339218,0.2402206912182202
2000-02-09T00:00:00+00:00,0.5795281971836931,-0.6095422737362362,0.19482562564936082
2000-02-10T00:00:00+00:00,0.6457357288007006,0.09112784291016351,0.2891887275291708
2000-02-11T00:00:00+00:00,0.6009034330504803,0.3777933749035409,0.4152258064596974
2000-02-12T00:00:00+00:00,0.5839063281792264,-0.6138039075684966,0.008088969481989207
2000-02-13T00:00:00+00:00,0.5768888873907221,0.5156419044837077,-0.003127011929908441
2000-02-14T00:00:00+00:00,0.4704952914645576,0.7415021123894638,0.5017416002873768
2000-02-15T00:00:00+00:00,0.5575280735070115,0.33868220441091573,0.3903864506862631
2000-02-16T00:00:00+00:00,0.5944270829576184,1.1753173627467217,0.5952482440877483
2000-02-17T00:00:00+00:00,0.7569918570882127,0.3158879477177518,0.40364593549328565
2000-02-18T00:00:00+00:00,0.6962371496244331,0.2797300962945506,0.6628161498812323
2000-02-19T00:00:00+00:00,0.49597086339062635,-0.08653591214193437,0.3164386227070012
2000-02-20T00:00:00+00:00,0.7148836245701857,-0.2091523457680449,0.49936516354506266
2000-02-21T00:00:00+00:00,0.6539651161539124,-0.9390532846816155,0.23472849840452334
2000-02-22T00:00:00+00:00,0.6345740659331021,-1.207489397388059,0.06685190223593152
2000-02-23T00:00:00+00:00,0.7730187199651862,0.3097885755215742,0.09417070707373047
2000-02-24T00:00:00+00:00,0.824324931606804,-0.8143964153931791,0.030586990620050804
2000-02-25T00:00:00+00:00,0.8235131650182448,-0.7126380442869331,0.03165240097379503
2000-02-26T00:00:00+00:00,0.655407145649909,-1.0766950568018578,0.03528082228935911
2000-02-27T00:00:00+00:00,0.7171323261441056,-0.10253900428597248,0.27528309689346275
2000-02-28T00:00:00+00:00,0.7896829082113868,-0.2706291554697346,-0.06760456881227973
2000-02-29T00:00:00+00:00,0.862389895087011,1.3084715361590962,0.48848075083172415
2000-03-01T00:00:00+00:00,0.7249701386636936,0.992372500762229,0.5072902582978198
2000-03-02T00:00:00+00:00,0.7621448215902555,0.046840568645153347,0.43527681257371886
2000-03-03T00:00:00+00:00,0.6776690372292158,1.3431597722309339,0.5675563227309216
2000-03-04T00:00:00+00:00,0.6760400965409601,0.4908827434957977,0.7941021271573111
2000-03-05T00:00:00+00:00,0.8840357940530135,-0.3793575613130898,0.7727497611180538
2000-03-06T00:00:00+00:00,0.9452917855441013,-1.640618598670801,0.3358208497328928
2000-03-07T00:00:00+00:00,0.809111419364339,0.6580073302044591,0.5793952724145925
2000-03-08T00:00:00+00:00,0.9230684791560028,-1.18225018947271,-0.011616677966182404
2000-03-09T00:00:00+00:00,0.8650377614497347,-1.2136151147124612,-0.038972259910585706
2000-03-10T00:00:00+00:00,0.7702755397607646,0.29434334644604054,0.008365229964647558
2000-03-11T00:00:00+00:00,0.8765930664914741,1.2198762031696357,0.486645238598044
2000-03-12T00:00:00+00:00,0.9996741087943027,0.9090782788140376,0.4959877011163538
2000-03-13T00:00:00+00:00,0.8474541447734331,0.6728703012601943,0.6077133617076406
2000-03-14T00:00:00+00:00,1.0124152302470388,0.7848411269235542,0.5601984207235002
2000-03-15T00:00:00+00:00,0.5986368335237406,0.9141717354810658,0.8551163491248804
2000-03-16T00:00:00+00:00,0.947207055922593,0.7703800361273967,0.887104536279713
2000-03-17T00:00:00+00:00,0.8778706507131865,0.3575375815434676,0.8902466080268889
2000-03-18T00:00:00+00:00,0.8431567946197696,0.05210055197594048,0.8352083947740745
2000-03-19T00:00:00+00:00,0.8858664873087286,-0.24823843350853966,0.5836973943205476
2000-03-20T00:00:00+00:00,0.6813066158950019,-0.7678980356673537,0.38372819735400643
2000-03-21T00:00:00+00:00,0.8612086344606973,-0.6278014945242987,0.4694242961910156
2000-03-22T00:00:00+00:00,0.9217376922280577,-1.3339423631886052,-0.031501410535344165
2000-03-23T00:00:00+00:00,1.0364039026287393,-0.4400855546313903,0.11174699174976377
2000-03-24T00:00:00+00:00,0.8391122237512529,-0.7112374231342369,0.0044187734390086705
2000-03-25T00:00:00+00:00,0.8121506281868203,-0.5517946586078862,-0.03398510877130542
2000-03-26T00:00:00+00:00,0.8446204118461031,0.306888945135516,0.19235486014152198
2000-03-27T00:00:00+00:00,0.9878673083026686,1.0869168844063142,0.38121480901950533
2000-03-28T00:00:00+00:00,0.9304675867633083,0.9466222590920685,0.5583707440873862
2000-03-29T00:00:00+00:00,0.8456158586633039,-0.2977863457206765,0.5720560620549626
2000-03-30T00:00:00+00:00,0.9506517534270508,-0.10389832705115226,0.49122506179333697
2000-03-31T00:00:00+00:00,0.9094994067167058,0.6873274635528878,0.5456458864624774
2000-04-01T00:00:00+00:00,0.99685616481586,-0.4912436967691558,0.635973117757382
2000-04-02T00:00:00+00:00,0.8297196834015288,-0.32925844455729064,0.2968684548112498
2000-04-03T00:00:00+00:00,0.8668254379588448,-0.11588969172173735,0.4541429097679283
2000-04-04T00:00:00+00:00,0.8597809287133145,-0.9716361835227293,0.39951495069711795
2000-04-05T00:00:00+00:00,0.7517739499656411,-0.43477620301793163,0.04788860852040874
2000-04-06T00:00:00+00:00,0.9266050392852108,-1.0579284886931175,0.1397227160230839
2000-04-07T00:00:00+00:00,0.9217003072086168,-0.5176256915343882,0.22448515615651127
2000-04-08T00:00:00+00:00,0.8944425100049189,0.15989096707126763,0.053088605895764335
2000-04-09T00:00:00+00:00,0.8685439442565945,-0.5795549972070547,0.14045059678759605
2000-04-10T00:00:00+00:00,0.7482727570040649,0.6111531102142138,0.28368655429310224
2000-04-11T00:00:00+00:00,0.8452888026909114,0.4776450566275706,0.5567924150880259
2000-04-12T00:00:00+00:00,0.850362445129307,0.7637089332994859,0.5789805720004072
2000-04-13T00:00:00+00:00,0.8014245955587791,0.5028728082663451,0.5650527266533514
2000-04-14T00:00:00+00:00,0.8622809244025306,0.899012084545702,0.9019481575934798
2000-04-15T00:00:00+00:00,0.915311462647609,0.06261225132395633,0.8186114582880963
2000-04-16T00:00:00+00:00,1.059762594842711,-0.4316446401214047,0.7001863501550438
2000-04-17T00:00:00+00:00,0.8845812749909179,-0.3297669897178735,0.5040215882508285
2000-04-18T00:00:00+00:00,0.8886010743608431,-0.21581494157271763,0.31832550206106314
2000-04-19T00:00:00+00:00,0.8508683053907844,-0.4630339209280603,0.21033119744399875
2000-04-20T00:00:00+00:00,0.6616483004810503,-0.3706198956320743,0.3288191030531672
2000-04-21T00:00:00+00:00,0.8458336415064571,-0.567937713462156,0.37700377337893565
2000-04-22T00:00:00+00:00,0.849216232659991,-0.3314504587754751,0.3875648037530535
2000-04-23T00:00:00+00:00,1.0839757491827102,-0.48436076634107017,0.28760527092015187
2000-04-24T00:00:00+00:00,0.8126255534956717,1.265704112827484,0.2262596503810812
2000-04-25T00:00:00+00:00,0.8559799976868157,-0.13446766160473056,0.4107676632772222
2000-04-26T00:00:00+00:00,0.8160729901142704,0.14101135719295838,0.3687544163517039
2000-04-27T00:00:00+00:00,0.6961524183302628,0.031712108449417964,0.46817090418716634
2000-04-28T00:00:00+00:00,0.9205376431129202,0.6644040580310007,0.7638442927061375
2000-04-29T00:00:00+00:00,0.8744448936352214,-0.1474748391460146,0.6613980280184955
2000-04-30T00:00:00+00:00,0.8711141782804869,0.40692916677808877,0.8486400395744891
2000-05-01T00:00:00+00:00,0.6935969413589157,-0.7276610533559473,0.49149974504640803
2000-05-02T00:00:00+00:00,0.9171073463385303,-0.3479668749790106,0.3145795930259043
2000-05-03T00:00:00+00:00,0.6287048464956162,-0.9051374827207903,0.34158827806214775
2000-05-04T00:00:00+00:00,0.819409860997784,0.6816588226526785,0.43677024724249625
2000-05-05T00:00:00+00:00,0.9713784940577713,-0.8107410790735381,0.19250555983686352
2000-05-06T00:00:00+00:00,0.6446651463384497,0.15491035511351264,0.40359198036997534
2000-05-07T00:00:00+00:00,0.6782544733410473,0.533830310024829,0.44701284168807454
2000-05-08T00:00:00+00:00,0.7357970881976144,0.5978152899597633,0.47987410202467207
2000-05-09T00:00:00+00:00,0.6662170119927344,0.394820126652057,0.5633608559720005
2000-05-10T00:00:00+00:00,0.5520185264642299,0.42255360622419896,0.7382408768877673
2000-05-11T00:00:00+00:00,0.7042519347109393,0.4128214772235693,0.6424107042246279
2000-05-12T00:00:00+00:00,0.581269380138878,0.14344086874453577,0.4745470548962438
2000-05-13T00:00:00+00:00,0.7247593878423259,0.4819395583974578,0.497625932428386
2000-05-14T00:00:00+00:00,0.575157386340356,0.8883196312368976,0.4580005968818637
2000-05-15T00:00:00+00:00,0.8115952391795931,-0.6696616337379321,0.44564537648059044
2000-05-16T00:00:00+00:00,0.5675838930747421,-1.1723654458804504,0.39718691558273195
2000-05-17T00:00:00+00:00,0.6028190974758927,-0.5316049802665399,0.23607468965957085
2000-05-18T00:00:00+00:00,0.705304825935247,0.8989389275931436,0.4711915871504285
2000-05-19T00:00:00+00:00,0.4896096368859193,-0.618779153543644,0.07767186270373097
2000-05-20T00:00:00+00:00,0.6240034712525934,0.8195584027220325,0.41224656021150197
2000-05-21T00:00:00+00:00,0.7203549969164196,1.0557922765969967,0.3370124062336385
2000-05-22T00:00:00+00:00,0.41710091845678454,0.11412162038001683,0.4896627858653608
2000-05-23T00:00:00+00:00,0.5843499189894816,0.7719554956835496,0.6364710529080965
2000-05-24T00:00:00+00:00,0.5797444193918375,1.301662267655181,0.7360240358210517
2000-05-25T00:00:00+00:00,0.6196439440801617,0.20135187074027325,0.6270933939654803
2000-05-26T00:00:00+00:00,0.40531165597541774,0.11515168950760253,0.6034418676690655
2000-05-27T00:00:00+00:00,0.3843493798054648,-0.29084045697432237,0.2666911712215398
2000-05-28T00:00:00+00:00,0.555824492730849,-0.7243202349052114,0.3167725530164322
2000-05-29T00:00:00+00:00,0.5204148620099048,-0.7155545137670165,0.2374893615080299
2000-05-30T00:00:00+00:00,0.502706328380328,-1.0994340894720405,0.09584271308963863
2000-05-31T00:00:00+00:00,0.4991009728639651,-0.4704222219612987,-0.0773347515821591
2000-06-01T00:00:00+00:00,0.3831151599433491,-0.7759023567633366,-0.18141128306606197
2000-06-02T00:00:00+00:00,0.4608708061139217,-0.10004891366340801,-0.03751764733446789
2000-06-03T00:00:00+00:00,0.4533508042363459,-0.7779478231018185,-0.12820022343858256
2000-06-04T00:00:00+00:00,0.3388808823549765,0.382381985666008,0.14704207322803212
2000-06-05T00:00:00+00:00,0.5830443570299212,0.8076802220384764,0.24526409228851367
2000-06-06T00:00:00+00:00,0.4298835980637775,-0.5094038651948166,0.2210256253453986
2000-06-07T00:00:00+00:00,0.24929001321379474,0.6744922410146974,0.23555219483245754
2000-06-08T00:00:00+00:00,0.4198866098542034,1.0047502374706607,0.2473311922305511
2000-06-09T00:00:00+00:00,0.24246900166083668,-0.3878786397868224,0.43811973190707737
2000-06-10T00:00:00+00:00,0.40425081803103613,0.8362861934188549,0.4054630496063775
2000-06-11T00:00:00+00:00,0.4269106393044006,-0.0074323648757519956,0.3406859893517406
2000-06-12T00:00:00+00:00,0.21439940216690634,-0.7434216691132196,0.2642232735096689
2000-06-13T00:00:00+00:00,0.37813394976667647,-0.5153484949197645,0.08896254340751836
2000-06-14T00:00:00+00:00,0.3083196300397911,-0.20830049983005133,0.16340645570308726
2000-06-15T00:00:00+00:00,0.33441362367874367,-0.3529130455278079,0.08108439654652827
2000-06-16T00:00:00+00:00,0.4269782417206015,0.05243612666440581,0.10505749369960429
2000-06-17T00:00:00+00:00,0.19778115083255532,-0.46033679653968457,-0.17784214105189053
2000-06-18T00:00:00+00:00,0.13190148677180244,0.30162228157681514,0.243512180056346
2000-06-19T00:00:00+00:00,0.10321738093326419,-0.31594150721847836,0.10277157403880617
2000-06-20T00:00:00+00:00,0.09542457231767498,0.4318509254165617,0.13124220090471347
2000-06-21T00:00:00+00:00,0.15407975621159575,0.03551013535851727,0.22709847145389894
2000-06-22T00:00:00+00:00,0.18064150912632984,0.023150769939133675,-0.03111368736629941
2000-06-23T00:00:00+00:00,0.1588883571608895,0.834988457163996,0.20777190259994133
2000-06-24T00:00:00+00:00,0.1985916846109252,0.5456550602971343,0.13578707446595922
2000-06-25T00:00:00+00:00,0.10179329559731591,0.08762719089481083,0.06513841893984323
2000-06-26T00:00:00+00:00,0.2304364825512113,-0.9370721235703023,-0.019761105043514
2000-06-27T00:00:00+00:00,0.0431821479863215,-0.6456681809383116,0.19014263244689017
2000-06-28T00:00:00+00:00,0.326208866288176,0.11908489389867993,-0.066519476730633
2000-06-29T00:00:00+00:00,0.10128674448057816,-0.32005728441406356,0.08306006288419382
2000-06-30T00:00:00+00:00,-0.062479159437208484,0.942722900432065,-0.08678247796576509
2000-07-01T00:00:00+00:00,-0.0993429526062914,0.1966589196971879,-0.026243429616133268
2000-07-02T00:00:00+00:00,0.04050094432449932,0.312966427803795,0.03507621574006124
2000-07-03T00:00:00+00:00,-0.045582874737004245,0.2363575091327632,0.4235504424099566
2000-07-04T00:00:00+00:00,0.03268003970513189,0.5542344084820522,0.2593475710014087
2000-07-05T00:00:00+00:00,-0.006868187171859011,0.411229037900641,0.0850763209339796
2000-07-06T00:00:00+00:00,-0.07693072257580377,0.7449700795783101,0.19230609257188921
2000-07-07T00:00:00+00:00,-0.1697624466423195,0.6952930279560725,0.33463715208398803
2000-07-08T00:00:00+00:00,-0.25197782887811104,-0.3929947302539713,0.2902216265880544
2000-07-09T00:00:00+00:00,-0.1605248549140247,-0.8825583463376698,0.21878384972619683
2000-07-10T00:00:00+00:00,-0.04557939779553974,-1.3090184277856634,-0.15384179784913024
2000-07-11T00:00:00+00:00,-0.1251169372316444,-0.23346829263463958,-0.3833448068016929
2000-07-12T00:00:00+00:00,-0.28636380502420433,-1.0391472591778494,-0.5119464450524668
2000-07-13T00:00:00+00:00,-0.15968750822910002,-1.4673610377102597,-0.593116200145375
2000-07-14T00:00:00+00:00,-0.15363708592293265,-0.022652567293296955,-0.5838030785382443
2000-07-15T00:00:00+00:00,-0.2956608468276641,1.2464997587163935,-0.2701177301972394
2000-07-16T00:00:00+00:00,-0.20694745183828894,0.21390641378882924,-0.135055149628452
2000-07-17T00:00:00+00:00,-0.23147807161060616,0.8101611284598369,-0.06999176807299698
2000-07-18T00:00:00+00:00,-0.3665046374623564,0.5283786353646943,0.20106528233025434
2000-07-19T00:00:00+00:00,-0.23126280131131272,0.4380191294953409,0.17102843015103625
2000-07-20T00:00:00+00:00,-0.22571788420542022,0.8504539827279014,0.11322143414925151
2000-07-21T00:00:00+00:00,-0.18816250968454912,0.07180459746445819,0.07398470700524828
2000-07-22T00:00:00+00:00,-0.20567087620016927,0.13369615703595147,0.17551605551601024
2000-07-23T00:00:00+00:00,-0.4633092944524994,-0.05609296646077064,0.06406070476748521
2000-07-24T00:00:00+00:00,-0.4337196726750805,-0.7249609680555371,-0.27276010660826544
2000-07-25T00:00:00+00:00,-0.3027277222699538,0.00855721867734921,-0.26250962425580604
2000-07-26T00:00:00+00:00,-0.3170417678428381,-0.5749438344386162,-0.36510861967544483
2000-07-27T00:00:00+00:00,-0.3309955373419934,-0.7687883209804384,-0.37946071866657577
2000-07-28T00:00:00+00:00,-0.011193756849972814,0.051313052226419464,-0.4408807294623681
2000-07-29T00:00:00+00:00,-0.35322697308829604,-0.449233990895524,-0.5351339458484743
2000-07-30T00:00:00+00:00,-0.3104869928884173,0.23103244824334312,-0.3946119070319898
2000-07-31T00:00:00+00:00,-0.3422452600485006,0.38635624291191195,-0.31384867797899774
2000-08-01T00:00:00+00:00,-0.3859785069706178,1.0304117390067,-0.019783086581817225
2000-08-02T00:00:00+00:00,-0.4959830763783016,0.7248130725308878,0.19367550645837053
2000-08-03T00:00:00+00:00,-0.4017601212964131,0.378402261861443,0.02631433457755525
2000-08-04T00:00:00+00:00,-0.5679989161403429,0.6258250191589243,0.17701942431671785
2000-08-05T00:00:00+00:00,-0.5273121968431596,0.6951037745086603,0.11966494822368473
2000-08-06T00:00:00+00:00,-0.5649313958968023,0.06196328361715697,0.028455976649793
2000-08-07T00:00:00+00:00,-0.5208193131245933,-0.38573943131232447,0.05690916162408893
2000-08-08T00:00:00+00:00,-0.3099958002350792,-1.143382072265991,-0.08145689809852921
2000-08-09T00:00:00+00:00,-0.7404826592261695,-1.020020787628599,-0.5931651050710409
2000-08-10T00:00:00+00:00,-0.49726051409879946,-0.5435280934113478,-0.4837535667337729
2000-08-11T00:00:00+00:00,-0.7391208290318722,-0.5216979706384208,-0.5627628780249102
2000-08-12T00:00:00+00:00,-0.6368339080671199,-0.09348565149272496,-0.7074474429812669
2000-08-13T00:00:00+00:00,-0.49236241809544334,0.24526683200732927,-0.2664667028584299
2000-08-14T00:00:00+00:00,-0.6062680666197681,0.6557621184123769,-0.24221641428410828
2000-08-15T00:00:00+00:00,-0.73172758199121,0.45221456706136615,-0.2870787481388485
2000-08-16T00:00:00+00:00,-0.7065556200224564,0.7307147780040132,-0.26226343221812637
2000-08-17T00:00:00+00:00,-0.577949447414898,0.4231529486390774,0.03406031706320656
2000-08-18T00:00:00+00:00,-0.7296384618495523,-0.770791413618158,-0.06992637811528934
2000-08-19T00:00:00+00:00,-0.6454539508055384,-0.46966769690937693,-0.21142408746823957
2000-08-20T00:00:00+00:00,-0.6728429607884259,-0.288985647419585,-0.3693625724859582
2000-08-21T00:00:00+00:00,-0.7526597862720699,-0.9957631126545663,-0.5244137101146746
2000-08-22T00:00:00+00:00,-0.483001228297804,-0.18749959109280828,-0.6928926827080069
2000-08-23T00:00:00+00:00,-0.6436929673390414,0.2779114600809368,-0.42648791906217126
2000-08-24T00:00:00+00:00,-0.9190788360701145,0.21846518461464215,-0.3033551468071299
2000-08-25T00:00:00+00:00,-0.7071865202119074,-0.3236633050238865,-0.4604154912085839
2000-08-26T00:00:00+00:00,-0.801062892778163,0.7453630684249775,-0.307619906417035
2000-08-27T00:00:00+00:00,-0.6584754453718961,0.29127559815983456,-0.27367616377882376
2000-08-28T00:00:00+00:00,-0.8315850053200429,0.22237275567499395,-0.15503967788268105
2000-08-29T00:00:00+00:00,-0.7721977957644466,0.18076262432044105,-0.29072259970800685
2000-08-30T00:00:00+00:00,-0.7183912248767985,0.3362291128468489,-0.18221204586317527
2000-08-31T00:00:00+00:00,-0.6902523958279079,0.19682733196340074,-0.16534936810547932
2000-09-01T00:00:00+00:00,-0.9045653275439672,0.3021499807465248,-0.23881126522872115
2000-09-02T00:00:00+00:00,-0.8254611071602765,0.08028699052493621,-0.24970630603044625
2000-09-03T00:00:00+00:00,-0.8467461214826393,-0.21541885948207307,-0.41805787609147105
2000-09-04T00:00:00+00:00,-0.8715882849187891,-0.17244665636083975,-0.34241094878662814
2000-09-05T00:00:00+00:00,-0.6364747980641061,0.10785918130225935,-0.35231856003115675
2000-09-06T00:00:00+00:00,-0.7790459959886991,-0.012686888370250837,-0.4509924948064863
2000-09-07T00:00:00+00:00,-0.9519136588869586,-1.1333647254589703,-0.5922890413004616
2000-09-08T00:00:00+00:00,-0.7400754552683062,-1.493902437009757,-0.7069744728982423
2000-09-09T00:00:00+00:00,-0.6254359182329181,0.46715995561963464,-0.5596829167069525
2000-09-10T00:00:00+00:00,-0.7399466856107735,-0.46649747964893507,-0.6258429802427027
2000-09-11T00:00:00+00:00,-1.00042202564678,0.27853304028767395,-0.7849878726892529
2000-09-12T00:00:00+00:00,-0.9019488292975792,-0.09759255693876806,-0.4322283867919523
2000-09-13T00:00:00+00:00,-0.7316217820487387,-0.41352626269909754,-0.25508465010305365
2000-09-14T00:00:00+00:00,-0.9336129818504448,0.6616471053364115,-0.4456878439932925
2000-09-15T00:00:00+00:00,-0.822741550893111,0.5965194497101077,-0.19844448471123455
2000-09-16T00:00:00+00:00,-0.793680599378724,-0.2882552003633592,-0.5046292363739948
2000-09-17T00:00:00+00:00,-0.9675994241239634,-1.512463015631232,-0.5202334854804006
2000-09-18T00:00:00+00:00,-0.8843620311753114,-0.6640379653602537,-0.4570474407538525
2000-09-19T00:00:00+00:00,-1.2057790564878483,-0.29156195338963886,-0.7062271394602923
2000-09-20T00:00:00+00:00,-0.9870726609154129,-1.2269197404779764,-0.888071129527441
2000-09-21T00:00:00+00:00,-0.9126101501067633,-0.2992357813444385,-0.8653162505413419
2000-09-22T00:00:00+00:00,-1.0145881494055913,-0.22459679414528053,-0.8460541270818648
2000-09-23T00:00:00+00:00,-0.7287615272009456,0.2896457498005383,-0.7006300883663797
2000-09-24T00:00:00+00:00,-1.036945302136736,0.2767320537658552,-0.72804480848899
2000-09-25T00:00:00+00:00,-0.9395992286603261,-0.09561872920676429,-0.5704196794817905
2000-09-26T00:00:00+00:00,-0.883918953850144,1.0857497069231565,-0.2549086697683691
2000-09-27T00:00:00+00:00,-0.7539981158722413,0.4081991695774265,-0.1620986640831817
2000-09-28T00:00:00+00:00,-1.0425779591444742,0.3772634714790494,-0.2171535204836047
2000-09-29T00:00:00+00:00,-0.7832752774031256,-0.24969210997781682,-0.34194205013532525
2000-09-30T00:00:00+00:00,-0.8989016866873054,-0.221641125595751,-0.27984319205926317
2000-10-01T00:00:00+00:00,-0.9981425308673663,-0.6593432265722241,-0.42928063194207616
2000-10-02T00:00:00+00:00,-0.8535813043555747,-0.477388771195726,-0.4924837073307588
2000-10-03T00:00:00+00:00,-0.8794190405583682,0.36839028398026047,-0.5709882326723906
2000-10-04T00:00:00+00:00,-0.9586135667558873,-1.173414527556591,-0.5597524801275002
2000-10-05T00:00:00+00:00,-0.8906122672983381,-1.1976964401723849,-0.8871623537280492
2000-10-06T00:00:00+00:00,-0.9348584562186373,0.5186432941880246,-0.6083022750703975
2000-10-07T00:00:00+00:00,-0.8834443816794321,-0.1046618385759355,-0.49693549126477576
2000-10-08T00:00:00+00:00,-0.8267869210240345,-0.11759449977118303,-0.7235105318858492
2000-10-09T00:00:00+00:00,-0.7323375639640824,0.9108680849320494,-0.4745571397731264
2000-10-10T00:00:00+00:00,-1.0123960480372727,0.1846561862224796,-0.23778211166851862
2000-10-11T00:00:00+00:00,-0.6727230976112565,1.4004688128643805,-0.26098693550007573
2000-10-12T00:00:00+00:00,-1.0783846031966988,0.729878676903652,-0.02359665994797701
2000-10-13T00:00:00+00:00,-0.8952420168586496,-0.027013834514073215,0.1428795815907677
2000-10-14T00:00:00+00:00,-0.8178586890067209,1.0786541066327595,-0.10810299043461957
2000-10-15T00:00:00+00:00,-0.8449583428928532,-0.519799331060446,-0.3780836412513866
2000-10-16T00:00:00+00:00,-0.9314358958714289,-0.01986805522936319,-0.18179453297188772
2000-10-17T00:00:00+00:00,-0.8858290305207984,-0.3378176658876645,-0.4496205290916137
2000-10-18T00:00:00+00:00,-0.9099114373985986,0.16340668860848706,-0.43425007150742445
2000-10-19T00:00:00+00:00,-0.9148873403600595,0.3898398571294054,-0.29602712881521515
2000-10-20T00:00:00+00:00,-0.7660765389823261,-0.20093979502589965,-0.556877648459255
2000-10-21T00:00:00+00:00,-0.8101689035512013,-0.37670893517309073,-0.4326480706674296
2000-10-22T00:00:00+00:00,-0.9097444654666984,0.4469279410283301,-0.4612480216795653
2000-10-23T00:00:00+00:00,-0.7448275276779521,0.052058056357960236,-0.2519002156468991
2000-10-24T00:00:00+00:00,-0.7981442068573104,1.494157579854224,-0.1166426501590655
2000-10-25T00:00:00+00:00,-0.7414289774829048,0.555731621632282,-0.24248730189952727
2000-10-26T00:00:00+00:00,-0.7533495473300114,0.20825496557796105,-0.18432714892138294
2000-10-27T00:00:00+00:00,-0.8925672837792267,0.30928202249122927,-0.10696501944400337
2000-10-28T00:00:00+00:00,-0.8588013158332909,-0.6735631447648438,-0.2217405243388423
2000-10-29T00:00:00+00:00,-0.7209313984367012,-0.7027488888141057,-0.43391756760962663
2000-10-30T00:00:00+00:00,-0.7272655080864725,0.20929121273820278,-0.43312402996436705
2000-10-31T00:00:00+00:00,-0.7828008786530523,-0.8159110955766091,-0.7360070786773839
2000-11-01T00:00:00+00:00,-0.761154824117345,-1.010919447431881,-0.7470525528839607
2000-11-02T00:00:00+00:00,-0.6370688927959328,-0.1225893649703757,-0.7426611937285397
2000-11-03T00:00:00+00:00,-0.8157137039546135,0.3759102077727186,-0.5461998302051223
2000-11-04T00:00:00+00:00,-0.6933438256122239,0.35947665533252354,-0.3406728581837173
2000-11-05T00:00:00+00:00,-0.7595481632155625,0.7149657124616833,-0.4853667524379849
2000-11-06T00:00:00+00:00,-0.7521532734293475,0.012518196949285021,-0.16522875262929135
2000-11-07T00:00:00+00:00,-0.6113472941584903,-0.22344137728001184,-0.22248779990752746
2000-11-08T00:00:00+00:00,-0.6293094561822967,1.2381307820686558,-0.22566787187367665
2000-11-09T00:00:00+00:00,-0.6209153023636346,0.22957582181294542,-0.07045980959968501
2000-11-10T00:00:00+00:00,-0.5619254634801114,0.09152536133126105,-0.21093807366267864
2000-11-11T00:00:00+00:00,-0.6803748434674308,0.66409707092453,-0.11902657110698259
2000-11-12T00:00:00+00:00,-0.6040795817974038,0.061173135141546986,0.019595036101934873
2000-11-13T00:00:00+00:00,-0.6929019963269328,-0.16297185519320825,-0.25944561300777313
2000-11-14T00:00:00+00:00,-0.6188629992174774,0.59503721635963,-0.24679523177621632
2000-11-15T00:00:00+00:00,-0.6535052654903659,-0.8092230712809851,-0.3546665348006841
2000-11-16T00:00:00+00:00,-0.6198128978472113,0.0730043228066019,-0.4470264999482524
2000-11-17T00:00:00+00:00,-0.5588317879576095,-0.18843530711023454,-0.05638921780964895
2000-11-18T00:00:00+00:00,-0.6888213252729984,0.1342961394316221,-0.2415151100691243
2000-11-19T00:00:00+00:00,-0.38623242884950515,0.981176082765044,-0.425457119568336
2000-11-20T00:00:00+00:00,-0.6843683430814539,0.6448336193788206,-0.29451094269235456
2000-11-21T00:00:00+00:00,-0.693307932079933,0.7566119956157272,-0.028871589743658527
2000-11-22T00:00:00+00:00,-0.4440309862467745,1.0237176247458128,0.12937413195269465
2000-11-23T00:00:00+00:00,-0.4684629137073202,0.20843937646257735,0.07195559079203546
2000-11-24T00:00:00+00:00,-0.47284203655947216,-0.20266296411072154,0.024482171429099274
2000-11-25T00:00:00+00:00,-0.4598856951819932,-0.5224045970105192,-0.2283594539707292
2000-11-26T00:00:00+00:00,-0.5112562579466974,-1.200120164246774,-0.3831690860399932
2000-11-27T00:00:00+00:00,-0.5869172189994414,0.6371878237361469,-0.3213822450109833
2000-11-28T00:00:00+00:00,-0.47662419856509736,-1.0390681389517544,-0.6888682981867758
2000-11-29T00:00:00+00:00,-0.5387902177802071,-0.5980907678837989,-0.5316505657729255
2000-11-30T00:00:00+00:00,-0.36029187612511926,-0.5293223911784748,-0.5880248548694934
2000-12-01T00:00:00+00:00,-0.4591037332941935,-0.06323852065423613,-0.39736018657570926
2000-12-02T00:00:00+00:00,-0.5134101757834613,0.40786860626964544,-0.1771178304792415
2000-12-03T00:00:00+00:00,-0.4493338279778655,0.6471786137386539,-0.21512437870593928
2000-12-04T00:00:00+00:00,-0.3621132621388078,0.09937702194954162,-0.2445617444948303
2000-12-05T00:00:00+00:00,-0.445870488575786,0.4039030991977058,0.06154309418529666
2000-12-06T00:00:00+00:00,-0.45769628190772843,0.6287539313350639,0.03742504932288557
2000-12-07T00:00:00+00:00,-0.3369704691361851,0.2665701781422444,-0.010117354410225522
2000-12-08T00:00:00+00:00,-0.3226004085083744,1.020614657568775,0.07794003415196743
2000-12-09T00:00:00+00:00,-0.3834464061387196,0.245487475819134,0.28113065961984257
2000-12-10T00:00:00+00:00,-0.3654123405205672,0.1504970234661324,-0.10483176118734959
2000-12-11T00:00:00+00:00,-0.2805656158989385,-0.05947510690030999,-0.019115510463121196
2000-12-12T00:00:00+00:00,-0.4339511296728611,0.09927297265175211,-0.11548364530569805
2000-12-13T00:00:00+00:00,-0.415175479628316,-0.3969531767390586,-0.10186602079019735
2000-12-14T00:00:00+00:00,-0.33147861171779247,-1.0393317152119357,-0.40819085449131126
2000-12-15T00:00:00+00:00,-0.2661070569518802,-0.017097893682462617,-0.3658013436089936
2000-12-16T00:00:00+00:00,-0.19872720904476804,-0.325678446895914,-0.3377706253610218
2000-12-17T00:00:00+00:00,-0.06726986771040055,-0.04736647131610694,-0.30203666328650747
2000-12-18T00:00:00+00:00,-0.11396339938354735,0.6840977506115595,-0.19027997306940256
2000-12-19T00:00:00+00:00,-0.20058790287810083,1.1066054918077302,-0.15025500045105408
2000-12-20T00:00:00+00:00,-0.1713056596491892,0.4980997444589441,0.06401568949066608
2000-12-21T00:00:00+00:00,-0.25441676622711096,0.5453322475334976,0.10835528631226117
2000-12-22T00:00:00+00:00,-0.1407292521970927,1.0680493418764072,0.23073303270608017
2000-12-23T00:00:00+00:00,-0.1524167587939525,0.12037658974428904,0.25516293680787605
2000-12-24T00:00:00+00:00,-0.07591538437560932,1.083899687531418,0.2004335308298232
2000-12-25T00:00:00+00:00,-0.1755146220579242,-0.10816091841823755,0.4279685136366951
2000-12-26T00:00:00+00:00,-0.0254336674395848,-1.3678453356688198,-0.00428046407098015
2000-12-27T00:00:00+00:00,0.0913517071781692,-0.11079314553864505,-0.24637868840896965
2000-12-28T00:00:00+00:00,-0.05733371534661452,-0.20033654879263024,-0.20300940590276195
2000-12-29T00:00:00+00:00,0.009191721749422125,0.4279345074825925,-0.07173950673843886
2000-12-30T00:00:00+00:00,0.0535223786308595,0.3365906756349831,0.02964198156977843
2000-12-31T00:00:00+00:00,-0.04012204718858385,0.1477138775668877,-0.11120422830826945
2001-01-01T00:00:00+00:00,0.037901268721292194,-0.22123337691066775,-0.09324967142670339
2001-01-02T00:00:00+00:00,0.03223869053865028,0.3829523274478973,0.26582546098604026
2001-01-03T00:00:00+00:00,0.056225310355810694,0.062203728986262474,0.11438000188433775
2001-01-04T00:00:00+00:00,-0.015378794263459318,0.10065401633165227,-0.012839026530003697
2001-01-05T00:00:00+00:00,0.07981933628959587,0.51123107176909,0.11698266178037506
2001-01-06T00:00:00+00:00,0.14259135682723564,0.8349522521757046,-0.055424799869981
2001-01-07T00:00:00+00:00,0.2533016011889212,-0.019606104647279188,0.16540039239058427
2001-01-08T00:00:00+00:00,0.2194779775104581,-0.9888572722516039,0.10473216879997024
2001-01-09T00:00:00+00:00,0.3541961843490081,-0.2651626219808415,0.09199334932856032
2001-01-10T00:00:00+00:00,0.07742907347452464,0.11085178723191186,-0.09426212303166667
2001-01-11T00:00:00+00:00,0.2566361025309869,-0.695807193393708,-0.10599374595019838
2001-01-12T00:00:00+00:00,0.20292825045559207,-0.28395045289523607,-0.17818423734044592
2001-01-13T00:00:00+00:00,0.4187096550255153,0.0073440973645916875,0.02260492595533255
2001-01-14T00:00:00+00:00,0.1339756608698394,-0.17550728698234233,-0.016143444929276662
2001-01-15T00:00:00+00:00,0.1458457813864905,0.7150559581559468,-0.04538203495383454
2001-01-16T00:00:00+00:00,0.18482307723629207,0.42698988178701985,0.09772973152946852
2001-01-17T00:00:00+00:00,0.047244617161567,0.6972301780444257,0.3336890322471259
2001-01-18T00:00:00+00:00,0.22185360002258314,-0.052830347667029764,0.4562937775122263
2001-01-19T00:00:00+00:00,0.21322942936775768,-0.0017872806029231303,0.22199161241092225
2001-01-20T00:00:00+00:00,0.3188099882823225,0.36119067891388373,0.21982600123678572
2001-01-21T00:00:00+00:00,0.35248410753644965,-0.4033584456046563,0.007596875463161651
2001-01-22T00:00:00+00:00,0.5203691725231941,0.47256618438268866,0.031232722722301105
2001-01-23T00:00:00+00:00,0.4421394494378506,-0.6872820488982107,0.08003924712619534
2001-01-24T00:00:00+00:00,0.3036488247191349,-0.37512159321497,0.3054935013447499
2001-01-25T00:00:00+00:00,0.2856327752162491,0.07537967470253015,-0.04357333129951696
2001-01-26T00:00:00+00:00,0.438689950446038,-0.9261247360253028,0.1786015257381421
2001-01-27T00:00:00+00:00,0.271383086864305,-0.8804044059903914,0.08051515266554338
2001-01-28T00:00:00+00:00,0.6003411203980004,-0.5458862877262667,-0.016082369657501157
2001-01-29T00:00:00+00:00,0.5488044681763378,1.0222077929476017,0.20220366456989788
2001-01-30T00:00:00+00:00,0.39748042993350885,0.21153488314468805,0.06815965950384373
2001-01-31T00:00:00+00:00,0.2864903965578056,1.7665635989250372,0.41566245291987874
2001-02-01T00:00:00+00:00,0.6064612840455361,0.10879194190532387,0.3867006710500364
2001-02-02T00:00:00+00:00,0.47275066985920705,0.3092175211572975,0.7643590222488578
2001-02-03T00:00:00+00:00,0.6209734130482033,0.7710549762839466,0.7007654496108866
2001-02-04T00:00:00+00:00,0.35058881478256887,0.7861045745207855,0.5103457474963723
2001-02-05T00:00:00+00:00,0.46278274381304285,0.6398360470841828,0.2728209849141797
2001-02-06T00:00:00+00:00,0.5357783882365049,0.11671915920566095,0.5452258061083898
2001-02-07T00:00:00+00:00,0.5523272424800869,0.024567306814819,0.39019968488077833
2001-02-08T00:00:00+00:00,0.5148355264488559,-0.09465226663342996,0.451391731161768
2001-02-09T00:00:00+00:00,0.6341740640359094,0.172238668524535,0.38490911235927516
2001-02-10T00:00:00+00:00,0.4770045619932234,-0.2755928581642667,0.17998920737257426
2001-02-11T00:00:00+00:00,0.5812332079159208,-0.19215757215238255,0.22704718382602243
2001-02-12T00:00:00+00:00,0.61902882012084,0.38922851252853663,0.2818723431311822
2001-02-13T00:00:00+00:00,0.6697913739071748,0.402371644828448,0.3918696910014434
2001-02-14T00:00:00+00:00,0.7006739821553711,0.26084993142727575,0.15086806446625523
2001-02-15T00:00:00+00:00,0.5280267508698097,0.7391094649623737,0.33777244967950715
2001-02-16T00:00:00+00:00,0.49786821739275855,0.6945944738440313,0.5603603759449741
2001-02-17T00:00:00+00:00,0.7896430028574373,0.04420344314592907,0.6436352015239118
2001-02-18T00:00:00+00:00,0.7055062801248585,0.5218231709688519,0.5117634906378131
2001-02-19T00:00:00+00:00,0.6076265739750506,-0.9617602983007618,0.2664787459355406
2001-02-20T00:00:00+00:00,0.8475885417477959,-0.58429368573077,0.29744123042424647
2001-02-21T00:00:00+00:00,0.7138337293929835,-0.8458751163923139,0.00280762118290985
2001-02-22T00:00:00+00:00,0.8297808094874816,-1.3241840497705493,-0.04357416240287183
2001-02-23T00:00:00+00:00,0.7279768274982195,-0.2582822124801304,-0.10712093517634572
2001-02-24T00:00:00+00:00,0.9364599455948235,-0.06087375419165254,-0.021990130634601285
2001-02-25T00:00:00+00:00,0.9148629822164929,0.9736667411798396,0.21176496525459604
2001-02-26T00:00:00+00:00,0.7231571488813195,0.7063215835114036,0.14002508981147588
2001-02-27T00:00:00+00:00,0.8537136601664653,-0.024629456073692657,0.6382173146270308
2001-02-28T00:00:00+00:00,0.8293729773332895,1.4145102392580067,0.7923754532453724
2001-03-01T00:00:00+00:00,0.9097507182014575,1.0014325889966904,0.940512341618587
2001-03-02T00:00:00+00:00,0.6842183731986262,0.5079907212930935,0.7042254917643149
2001-03-03T00:00:00+00:00,0.8569076806296623,-0.113242049424914,0.6200356254508264
2001-03-04T00:00:00+00:00,0.9015032076339855,-0.696661487920522,0.6376076997805222
2001-03-05T00:00:00+00:00,0.6269092631712819,-0.5770191292695379,0.4868159919903167
2001-03-06T00:00:00+00:00,0.6913419314204414,0.056910353761181254,0.4395072488164669
2001-03-07T00:00:00+00:00,0.6123892137463619,0.45482919687639073,0.18117349512372333
2001-03-08T00:00:00+00:00,0.7957745059223444,0.3807060229020773,0.39852989159114616
2001-03-09T00:00:00+00:00,0.900628384524567,-0.4613665804519147,0.4818856306603365
2001-03-10T00:00:00+00:00,0.9850232204308795,-0.5598087166445129,0.44616389144463986
2001-03-11T00:00:00+00:00,0.8478629839826101,0.2873849930143792,0.4262961112623349
2001-03-12T00:00:00+00:00,1.0087320067048349,-0.49330394154741775,0.3004614533379939
2001-03-13T00:00:00+00:00,0.713026602862939,0.6490478131833013,0.3484652725094918
2001-03-14T00:00:00+00:00,0.6856126207301224,0.4136626629415775,0.6210583878773667
2001-03-15T00:00:00+00:00,0.855056574043053,0.1578974902998995,0.6349567916005635
2001-03-16T00:00:00+00:00,0.9034233503790012,-0.5804096640746153,0.35251213705422246
2001-03-17T00:00:00+00:00,0.8658964690799599,0.2568000532848568,0.7344028359284386
2001-03-18T00:00:00+00:00,0.6663133196623685,-0.48329228938972807,0.4027694539915713
2001-03-19T00:00:00+00:00,0.8677784057038994,-0.9758741590891576,0.13601405135533848
2001-03-20T00:00:00+00:00,0.7496165573046057,-1.9235950627317373,0.008941878081563992
2001-03-21T00:00:00+00:00,0.9501430781274521,-0.5012214086162312,0.11865094304937701
2001-03-22T00:00:00+00:00,0.9226862596865678,0.4952100571008569,0.14038942779413865
2001-03-23T00:00:00+00:00,0.794626519521852,0.6136877377151476,0.12370660283219274
2001-03-24T00:00:00+00:00,0.8395525538449483,-0.22854812829313984,0.3105733897137277
2001-03-25T00:00:00+00:00,0.7870786362872437,-0.08416416062210996,0.5743004258383932
2001-03-26T00:00:00+00:00,0.8885282064772395,0.6253028692715221,0.7243746918044423
2001-03-27T00:00:00+00:00,0.9918413285825849,-0.01172876350323443,0.5718616444266049
2001-03-28T00:00:00+00:00,0.7990198711637855,0.6383599060006473,0.5853664901230429
2001-03-29T00:00:00+00:00,0.9489965305917922,0.7739558804263635,0.5106964597270389
2001-03-30T00:00:00+00:00,0.8462992482784711,0.8304084815009333,0.7189618605079259
2001-03-31T00:00:00+00:00,0.8205043685556673,-0.05007703823996708,0.843286584830405
2001-04-01T00:00:00+00:00,0.8892886297671154,-0.3187787446472584,0.6615029232561269
2001-04-02T00:00:00+00:00,0.7964007605473267,-0.8299070346122963,0.35530669716276175
2001-04-03T00:00:00+00:00,0.8442267220839034,-0.9009041331108402,0.28236352952564714
2001-04-04T00:00:00+00:00,0.7792039547676454,-0.6007034020416757,0.04414928513979294
2001-04-05T00:00:00+00:00,1.0945979580704919,-0.20723298782592392,0.046023363241263854
2001-04-06T00:00:00+00:00,0.9005193667759259,0.2398504435578404,0.1777037936212652
2001-04-07T00:00:00+00:00,0.8256222291913693,-0.4015894753401729,0.0705857228797219
2001-04-08T00:00:00+00:00,0.9153291554140951,0.9632861540385315,0.42303626767577196
2001-04-09T00:00:00+00:00,0.8807698526250264,0.255353940712728,0.5647965022767877
2001-04-10T00:00:00+00:00,0.8677128712557841,0.476780308916694,0.6098914982091161
2001-04-11T00:00:00+00:00,0.94877000497179,0.11385811651700178,0.7429569802366182
2001-04-12T00:00:00+00:00,0.9603846677867147,-0.8212043889024545,0.5626977365766942
2001-04-13T00:00:00+00:00,0.8286022077198884,0.658964567739314,0.6290978907677816
2001-04-14T00:00:00+00:00,0.8208276715046637,0.36842194854622257,0.4542835262089773
2001-04-15T00:00:00+00:00,0.8474012072509911,-0.35760564811788526,0.5155524179127735
2001-04-16T00:00:00+00:00,0.6409518882480993,-0.35742038262157305,0.31430722211072604
2001-04-17T00:00:00+00:00,0.7156043874878789,-0.22949434723886114,0.5775036978077299
2001-04-18T00:00:00+00:00,0.9995334620330195,-1.2687368845341829,0.24700150644266933
2001-04-19T00:00:00+00:00,1.0228096683175294,-0.6554420799071672,0.17886902350884326
2001-04-20T00:00:00+00:00,0.8286218180553168,0.18019047025213236,0.07305082065804516
2001-04-21T00:00:00+00:00,0.9061407253569557,-0.6271447115846218,-0.029093795404880878
2001-04-22T00:00:00+00:00,0.8743182271202425,0.36372083564208835,0.21678377855610284
2001-04-23T00:00:00+00:00,1.1455396187797056,-0.287375161077688,0.302326865926564
2001-04-24T00:00:00+00:00,0.943819141117242,0.7206789473076729,0.5927325014226354
2001-04-25T00:00:00+00:00,0.8130335043053784,0.469643214942171,0.34154944090459605
2001-04-26T00:00:00+00:00,0.7239901230247521,-0.41665016671874056,0.622889550954695
2001-04-27T00:00:00+00:00,0.6523755900664591,0.7993115467873717,0.4424676202073492
2001-04-28T00:00:00+00:00,0.8266017252481408,-0.36729578839902216,0.7485685785497503
2001-04-29T00:00:00+00:00,0.7236165158381136,-0.6220680880659594,0.5207667357778031
2001-04-30T00:00:00+00:00,0.6497856126164149,-0.29063114261853973,0.24710620640824266
2001-05-01T00:00:00+00:00,0.7198783984141376,0.08685471862344596,0.38081484285357836
2001-05-02T00:00:00+00:00,0.6686731148834815,-0.9953748655801125,0.13338050476256633
2001-05-03T00:00:00+00:00,0.9376041162821009,-0.3600758163100317,0.14128715760967683
2001-05-04T00:00:00+00:00,0.8488881273127024,-0.002533619393491643,0.10477671698356301
2001-05-05T00:00:00+00:00,0.7515356673451122,0.3465528036315642,0.03617255923808693
2001-05-06T00:00:00+00:00,0.8917131927405213,0.3051626471973894,0.32427731889156997
2001-05-07T00:00:00+00:00,0.7426210770660867,0.20740182169235552,0.22750706398731382
2001-05-08T00:00:00+00:00,0.6397035315560246,0.07366884576655058,0.5713617279746181
2001-05-09T00:00:00+00:00,0.86887698513132,0.5305358976140994,0.5444314436383222
2001-05-10T00:00:00+00:00,0.7609758739393091,-0.1451537647587825,0.5408436559675369
2001-05-11T00:00:00+00:00,0.5936710217976917,-1.2437333721885206,0.3579239892338445
2001-05-12T00:00:00+00:00,0.6684658837031286,0.21827990207883294,0.2817255107495522
2001-05-13T00:00:00+00:00,0.589838319440332,0.2350255509843257,0.3525342575798373
2001-05-14T00:00:00+00:00,0.5288198366673031,-1.5723819590049324,0.217147931185164
2001-05-15T00:00:00+00:00,0.7492195534310039,-0.992329308445878,0.07658961403031511
2001-05-16T00:00:00+00:00,0.8368508863553791,-0.1778868255883143,0.11483300588210188
2001-05-17T00:00:00+00:00,0.49516849171454647,0.637831993621834,-0.00629832531244276
2001-05-18T00:00:00+00:00,0.6802500278673378,-0.20654501572108389,0.13946691620502677
2001-05-19T00:00:00+00:00,0.5476318116171321,-0.3640014706145716,0.21536373506021042
2001-05-20T00:00:00+00:00,0.5525449394157109,0.12549364900635981,0.2744306969282746
2001-05-21T00:00:00+00:00,0.5304013290642906,1.0783539508081024,0.5211307065203336
2001-05-22T00:00:00+00:00,0.4914501649449268,0.16448186652864355,0.3234318150952551
2001-05-23T00:00:00+00:00,0.5707386959307341,0.08786795276578441,0.4358949303429275
2001-05-24T00:00:00+00:00,0.4706611283258919,0.14954398014300258,0.4677760423906088
2001-05-25T00:00:00+00:00,0.5685073394804153,-0.2597224345705763,0.5414616794584695
2001-05-26T00:00:00+00:00,0.5239829161183124,0.06133515799740756,0.39372798958585437
2001-05-27T00:00:00+00:00,0.49250023642725194,0.5953973596760053,0.17794536473048514
2001-05-28T00:00:00+00:00,0.4128739699650003,-0.22937610467600086,0.3792941428529558
2001-05-29T00:00:00+00:00,0.4330392616297527,-0.6136407071540538,0.3236232232437651
2001-05-30T00:00:00+00:00,0.5531961659283162,-0.6333695905486845,0.24096913333859526
2001-05-31T00:00:00+00:00,0.5145478706767066,-1.1725111455823507,0.16573948174924444
2001-06-01T00:00:00+00:00,0.3533621076213429,0.22461301901479477,0.205048709889073
2001-06-02T00:00:00+00:00,0.44757866694074416,-0.038918598506401995,0.08542523731552867
2001-06-03T00:00:00+00:00,0.4991822692436572,0.12670191276345735,0.09210205009313072
2001-06-04T00:00:00+00:00,0.24337549604547706,1.9874695251564425,0.4938424016572276
2001-06-05T00:00:00+00:00,0.4508029251534392,0.636840410273755,0.5654333455182472
2001-06-06T00:00:00+00:00,0.31623793007801465,0.11156843104332143,0.4614375262122244
2001-06-07T00:00:00+00:00,0.4254802297933764,0.17773694313124502,0.49267963213582094
2001-06-08T00:00:00+00:00,0.2779053333365686,0.7911647241571542,0.7764104738812313
2001-06-09T00:00:00+00:00,0.15944895861711708,0.0566352052688886,0.21723945281597484
2001-06-10T00:00:00+00:00,0.16278811386847558,-0.9360808587174615,0.39874067953284603
2001-06-11T00:00:00+00:00,0.3158595760697982,0.06869872605359306,0.22392085140238643
2001-06-12T00:00:00+00:00,0.32243988417422575,-0.8215359988604077,-0.011302322793329295
2001-06-13T00:00:00+00:00,0.19136467433180393,0.44918493201786114,0.0574077965436738
2001-06-14T00:00:00+00:00,0.33090078322388,0.14910829162330425,-0.23934066224491496
2001-06-15T00:00:00+00:00,0.0860556014523989,-0.4406028173881572,0.08443017196196072
2001-06-16T00:00:00+00:00,0.2306909635904757,0.6405081808675447,0.24411919515981273
2001-06-17T00:00:00+00:00,0.10121834245659768,0.2508696248224749,0.2068911677162103
2001-06-18T00:00:00+00:00,0.1420914924273353,0.8173025787951239,0.24975569263348923
2001-06-19T00:00:00+00:00,0.19690869102745853,0.729830364738147,0.560656928170482
2001-06-20T00:00:00+00:00,0.09096426428582458,0.0642856285954761,0.24273276808188243
2001-06-21T00:00:00+00:00,0.12333437273002346,0.06914082507528352,0.20259762529222836
2001-06-22T00:00:00+00:00,0.2471555925661097,0.7319222783493671,0.4400236790298985
2001-06-23T00:00:00+00:00,0.07353009027557333,-0.1673876660532675,0.4100836083372478
2001-06-24T00:00:00+00:00,0.1994425709138384,-0.4187661011797795,0.12674340917722196
2001-06-25T00:00:00+00:00,-0.012477579056236393,-0.8684770309086873,0.08127166621203954
2001-06-26T00:00:00+00:00,0.1380634926270085,-0.275664423294181,0.09597748360944501
2001-06-27T00:00:00+00:00,0.21380469337590818,0.5437985035306585,-0.06932029876130924
2001-06-28T00:00:00+00:00,-0.192972500383515,-0.9246821983611544,-0.20614466342031454
2001-06-29T00:00:00+00:00,-0.04096951584296953,-0.20483214122239954,0.049823007746816306
2001-06-30T00:00:00+00:00,0.0809438089224748,0.7061102777077063,0.14673564017879576
2001-07-01T00:00:00+00:00,-0.012558241404479621,0.17712117393591875,0.15507139389001273
2001-07-02T00:00:00+00:00,0.029368290137311896,0.6171016393588744,0.0560027864796432
2001-07-03T00:00:00+00:00,-0.08363511487600059,-0.04373280798252949,0.2273966751579437
2001-07-04T00:00:00+00:00,-0.030061030956785896,0.7016175046947364,0.14223993106878943
2001-07-05T00:00:00+00:00,-0.06975967316842123,0.2973436087317468,0.18190323821796692
2001-07-06T00:00:00+00:00,0.04713037485586487,0.7098068673987149,0.25616834396687665
2001-07-07T00:00:00+00:00,-0.059640990505356664,0.5936930257823752,0.39597300700263777
2001-07-08T00:00:00+00:00,-0.06673284020200455,1.0778399514505355,0.38161013602303295
2001-07-09T00:00:00+00:00,-0.1570610563195687,-0.10109915462722513,0.28421446443141285
2001-07-10T00:00:00+00:00,-0.17997989963513533,-0.3245657977998291,0.20701650564805713
2001-07-11T00:00:00+00:00,-0.18978213042662706,-0.3902718053022453,0.11347627624264016
2001-07-12T00:00:00+00:00,-0.12234471291517565,-0.5674988876393599,-0.004566113192640088
2001-07-13T00:00:00+00:00,-0.2191040488962439,-0.04769994782794271,-0.4294359871900928
2001-07-14T00:00:00+00:00,-0.16319133820617363,-0.1477007050695196,-0.25596498843065385
2001-07-15T00:00:00+00:00,0.00026497665699332096,0.3011723576935866,-0.15105765514043765
2001-07-16T00:00:00+00:00,-0.13520749208967192,1.0497145090379894,-0.15119374095578886
2001-07-17T00:00:00+00:00,-0.26990129667198925,-0.015807326548909484,0.09142786405208861
2001-07-18T00:00:00+00:00,-0.13208621546289978,1.0574032366554371,0.0944790606301243
2001-07-19T00:00:00+00:00,-0.30784907464829564,1.0494732749039517,0.43814750590266777
2001-07-20T00:00:00+00:00,-0.48560879036002813,0.15790760606324095,0.48730359086115327
2001-07-21T00:00:00+00:00,-0.3972762650938174,-1.060927449504287,0.0046206312002910616
2001-07-22T00:00:00+00:00,-0.49813027350624495,-0.5208528631059908,-0.08173403899142896
2001-07-23T00:00:00+00:00,-0.3606937060609206,0.2575815320465395,-0.08511965425194373
2001-07-24T00:00:00+00:00,-0.33809533076461173,-0.498897987240351,-0.36560940111419493
2001-07-25T00:00:00+00:00,-0.1865875177632913,-0.987115072238371,-0.5043230807814474
2001-07-26T00:00:00+00:00,-0.3357276255576422,-0.6433032018481223,-0.5137250986742973
2001-07-27T00:00:00+00:00,-0.4044103588534837,0.20336814369349135,-0.5289633288055564
2001-07-28T00:00:00+00:00,-0.3135263477970962,0.273366784100674,-0.2833338639937013
2001-07-29T00:00:00+00:00,-0.6314295550584007,0.09747581997393537,-0.21171545959196403
2001-07-30T00:00:00+00:00,-0.4004821010956197,0.20750353532666796,-0.15988422672298025
2001-07-31T00:00:00+00:00,-0.3605589170091243,0.29158488156899776,0.029001646763815524
2001-08-01T00:00:00+00:00,-0.5989762566791816,0.026258863841659263,-0.17574396386208158
2001-08-02T00:00:00+00:00,-0.35008074759357355,1.1986035859687378,0.050696018573249846
2001-08-03T00:00:00+00:00,-0.44380740259629725,0.05578163495312008,-0.055707126102036486
2001-08-04T00:00:00+00:00,-0.5322451860766656,0.6085792604127409,0.014478515656344445
2001-08-05T00:00:00+00:00,-0.4403521495585297,0.543716156402448,0.10848858286742194
2001-08-06T00:00:00+00:00,-0.2893257553334515,0.10823970783997178,-0.09963905817064615
2001-08-07T00:00:00+00:00,-0.510820101557376,-0.7032741124499317,-0.13338276742376157
2001-08-08T00:00:00+00:00,-0.516639598272396,-0.28559891092260703,-0.21532343425792047
2001-08-09T00:00:00+00:00,-0.5996922299210183,-0.40301354442947834,-0.4147734980483164
2001-08-10T00:00:00+00:00,-0.65087097008273,-0.668792799923859,-0.4330974570794335
2001-08-11T00:00:00+00:00,-0.4948156602584822,0.16217964086080347,-0.48937468023960773
2001-08-12T00:00:00+00:00,-0.6752491040790626,-0.37257802602112844,-0.46130578953652546
2001-08-13T00:00:00+00:00,-0.5941008540702397,0.9847554354647869,-0.3165522778780526
2001-08-14T00:00:00+00:00,-0.6604618132058259,0.2551553074417161,-0.28939213442781525
2001-08-15T00:00:00+00:00,-0.5760551216236398,0.5880437840273326,-0.18782961545109178
2001-08-16T00:00:00+00:00,-0.6016590385677641,0.5325596770070947,-0.054790632323273816
2001-08-17T00:00:00+00:00,-0.5421552278825755,0.08748938270673548,-0.044880041566158296
2001-08-18T00:00:00+00:00,-0.7076034385633129,0.2933469007376408,-0.03393921442981564
2001-08-19T00:00:00+00:00,-0.6940873032930723,-0.45439369787003014,-0.2905028246268623
2001-08-20T00:00:00+00:00,-0.775276516357038,0.04473290749460268,-0.35797412934313
2001-08-21T00:00:00+00:00,-0.7319290775190991,-1.1604537962142856,-0.5239617908227261
2001-08-22T00:00:00+00:00,-0.6596655879258506,-0.4242741663177082,-0.4899020912777585
2001-08-23T00:00:00+00:00,-0.6313860079063067,0.5785487582951331,-0.5305778505245361
2001-08-24T00:00:00+00:00,-0.8087811098221163,-0.7171075318615664,-0.5918986411266643
2001-08-25T00:00:00+00:00,-0.6388713596782836,-0.3388724852624346,-0.7234658467395947
2001-08-26T00:00:00+00:00,-0.5993204604208284,0.4738957943882206,-0.45435758458280395
2001-08-27T00:00:00+00:00,-0.7023752885291483,0.48070663220381504,-0.26397301517521143
2001-08-28T00:00:00+00:00,-0.5646533502209661,0.6627790057276899,-0.20004991585002446
2001-08-29T00:00:00+00:00,-0.8381030715281134,0.7320575211647471,-0.25907621339968645
2001-08-30T00:00:00+00:00,-0.8933554231059858,0.7082764755148976,-0.054963919153548174
2001-08-31T00:00:00+00:00,-0.9546999401353478,0.7717917905368954,-0.05676891858034078
2001-09-01T00:00:00+00:00,-0.6349312556894707,0.20490932846427048,-0.04635014916120174
2001-09-02T00:00:00+00:00,-0.7265744179407755,-0.3375706968680551,-0.15922309664828896
2001-09-03T00:00:00+00:00,-0.804810057457589,-0.05462889063264703,-0.23246095373840056
2001-09-04T00:00:00+00:00,-0.7782584990294356,0.4624770113566988,-0.5205665064606878
2001-09-05T00:00:00+00:00,-0.9255691268220531,-0.5537808292821971,-0.5411723450091132
2001-09-06T00:00:00+00:00,-0.5749689691231119,-0.8781803935693367,-0.4235232738251149
2001-09-07T00:00:00+00:00,-0.8129031452559313,0.3365984650846977,-0.41365522104241575
2001-09-08T00:00:00+00:00,-0.820922170513294,-0.06019058197681872,-0.20240929516944045
2001-09-09T00:00:00+00:00,-0.7650748755443122,-0.869392903448239,-0.5566438713771164
2001-09-10T00:00:00+00:00,-0.7950922884922168,0.81462657980922,-0.6288439065052752
2001-09-11T00:00:00+00:00,-0.8260966266234651,0.21979986311394645,-0.25288676701218266
2001-09-12T00:00:00+00:00,-0.9325728675554852,0.442197314938831,-0.5293721787309169
2001-09-13T00:00:00+00:00,-0.8111660612538013,0.5569059065185267,-0.30210738409309457
2001-09-14T00:00:00+00:00,-0.6746435856410631,0.31219170944832675,-0.23127090608934692
2001-09-15T00:00:00+00:00,-0.7325814890922357,0.3547259085695163,-0.11742504643117749
2001-09-16T00:00:00+00:00,-0.711825342057718,-0.4346850548436958,-0.34486876230813557
2001-09-17T00:00:00+00:00,-0.9260279446092735,-0.1343628421459646,-0.41248546260259633
2001-09-18T00:00:00+00:00,-0.9773699775949892,-0.6172372948828716,-0.5210755721528099
2001-09-19T00:00:00+00:00,-0.8942310144909058,-0.11805871564716114,-0.2583984575302162
2001-09-20T00:00:00+00:00,-0.8790614055531143,-0.08323199922749602,-0.537172611832628
2001-09-21T00:00:00+00:00,-0.7779341831203522,-0.6846612205810705,-0.33641217392939515
2001-09-22T00:00:00+00:00,-1.059056294180588,0.5429910580875141,-0.4776186133179186
2001-09-23T00:00:00+00:00,-0.7390476256480477,-0.051039852998254726,-0.47987838910060276
2001-09-24T00:00:00+00:00,-0.9097319541985717,0.7949446403745929,-0.3583419299481723
2001-09-25T00:00:00+00:00,-0.9382828869853697,0.671107612791582,-0.27281674918749554
2001-09-26T00:00:00+00:00,-0.9982034491047699,1.406555794488475,-0.24527842422034618
2001-09-27T00:00:00+00:00,-1.06361111196543,0.27918275004810006,-0.2473413920349201
2001-09-28T00:00:00+00:00,-0.8166746856303386,0.042283471499678926,0.03439941121465118
2001-09-29T00:00:00+00:00,-0.8922598558997812,-0.009709802943858956,-0.22081371285829868
2001-09-30T00:00:00+00:00,-1.0289210827633695,-0.3685317609759021,-0.474682382961393
2001-10-01T00:00:00+00:00,-1.0294995429689329,0.009055209737008074,-0.5091141828736292
2001-10-02T00:00:00+00:00,-0.9333701217109146,-1.2956192603092045,-0.5236472186563936
2001-10-03T00:00:00+00:00,-0.7324228575867759,-1.014305165664092,-0.5515592492773024
2001-10-04T00:00:00+00:00,-0.9245510141763684,-0.9248172020236083,-0.8117521468100736
2001-10-05T00:00:00+00:00,-1.0479067711091508,0.25821192642800533,-0.7160630628590653
2001-10-06T00:00:00+00:00,-0.9209014029410557,0.8553066862909499,-0.7635227750490666
2001-10-07T00:00:00+00:00,-0.9220684731793239,0.16471726029004946,-0.7031608690059987
2001-10-08T00:00:00+00:00,-1.1626886527702964,0.3065048796390083,-0.39266567254390294
2001-10-09T00:00:00+00:00,-0.896368732230399,0.5224900376475,-0.09526355120781313
2001-10-10T00:00:00+00:00,-0.9117079511754558,1.0684031073950115,-0.25961049661125385
2001-10-11T00:00:00+00:00,-0.8164057985955414,-0.07276082586127192,-0.28585365349699987
2001-10-12T00:00:00+00:00,-0.698280213749914,0.33612636092618,-0.2749417002425072
2001-10-13T00:00:00+00:00,-0.7674070044003156,0.487598814891233,-0.1567449179279822
2001-10-14T00:00:00+00:00,-0.9035792787106618,0.03360521541114228,-0.10029120730276364
2001-10-15T00:00:00+00:00,-0.9837101205405238,-0.29612493293463854,-0.18513148899964996
2001-10-16T00:00:00+00:00,-0.6118299635643836,0.013059090192662437,-0.3666809654891179
2001-10-17T00:00:00+00:00,-0.8590949620836221,-1.8390801025905297,-0.4796718495032606
2001-10-18T00:00:00+00:00,-0.8592184147414209,-0.05197808146856464,-0.7494196382812298
2001-10-19T00:00:00+00:00,-0.8583633733766387,-0.5439797111225042,-0.5759065705358609
2001-10-20T00:00:00+00:00,-0.8312282726076432,-0.9153164484282236,-0.9423625407387715
2001-10-21T00:00:00+00:00,-0.8603064933401007,0.47254316932126583,-0.5720185428347846
2001-10-22T00:00:00+00:00,-0.8978197066286565,1.0777450138154858,-0.5353763395933495
2001-10-23T00:00:00+00:00,-0.8894734093453165,0.4187396987770674,-0.4375227178082709
2001-10-24T00:00:00+00:00,-0.8321494859665713,0.9639012296923817,-0.3111466634754917
2001-10-25T00:00:00+00:00,-0.8770576664801776,1.1970548702283446,-0.06340326418794884
2001-10-26T00:00:00+00:00,-0.887597009790089,0.8743990963507952,-0.030881526098540717
2001-10-27T00:00:00+00:00,-0.7990247599178298,0.8199822646856969,-0.07632901683340737
2001-10-28T00:00:00+00:00,-0.8282809335556799,0.1541218759771755,0.039542620198811884
2001-10-29T00:00:00+00:00,-0.6452614600907586,-0.3531989217832071,-0.25732510374365714
2001-10-30T00:00:00+00:00,-1.0533995154691205,-1.2884468620394962,-0.39578894521960556
2001-10-31T00:00:00+00:00,-0.6715600340643917,-0.6104952001558878,-0.4498062739960605
2001-11-01T00:00:00+00:00,-0.64827904319846,-0.8125390388921211,-0.7418878310996081
2001-11-02T00:00:00+00:00,-0.9721744056155905,0.8685294891901305,-0.7055474092206582
2001-11-03T00:00:00+00:00,-0.790825324479066,-0.08794290621617419,-0.5387726443747591
2001-11-04T00:00:00+00:00,-0.7851976503288072,0.2785442729510086,-0.44511757521079354
2001-11-05T00:00:00+00:00,-0.8800800674439553,0.6666584292542517,-0.22504422930815052
2001-11-06T00:00:00+00:00,-0.8081668218657131,0.5092651792771378,-0.1537555046143544
2001-11-07T00:00:00+00:00,-0.8322825639037927,1.3349894763062913,-0.16754809253173975
2001-11-08T00:00:00+00:00,-0.5366240467387375,0.07959106036678487,-0.21873703540762787
2001-11-09T00:00:00+00:00,-0.6086984266489525,0.3142455971774025,-0.03398789988192194
2001-11-10T00:00:00+00:00,-0.5653178346961291,-0.37123529284901285,-0.21249370092394043
2001-11-11T00:00:00+00:00,-0.6103080212263831,-0.8769531251691138,-0.3868004864635097
2001-11-12T00:00:00+00:00,-0.7851800560486233,-0.6968002866866572,-0.6551150665126791
2001-11-13T00:00:00+00:00,-0.7143273472955652,-0.5059823546151158,-0.5706526618119642
2001-11-14T00:00:00+00:00,-0.6023421783435307,-0.7021150683495458,-0.5661760924568298
2001-11-15T00:00:00+00:00,-0.7627037409427921,-0.7371262311709421,-0.5116585736982958
2001-11-16T00:00:00+00:00,-0.5582126513292445,-0.920100601394703,-0.7250972395377674
2001-11-17T00:00:00+00:00,-0.6423800303171151,-0.04155278631436404,-0.6374390618536303
2001-11-18T00:00:00+00:00,-0.644481337704611,-0.5354183174567195,-0.859497675976617
2001-11-19T00:00:00+00:00,-0.524375159597702,0.7709437230788125,-0.5059582835632769
2001-11-20T00:00:00+00:00,-0.5393402737828805,0.5286838325581601,-0.40420217871136765
2001-11-21T00:00:00+00:00,-0.607985687383068,-0.24131179364155453,-0.3219402015403722
2001-11-22T00:00:00+00:00,-0.4439090932603566,0.23631120270908584,-0.3389197879127387
2001-11-23T00:00:00+00:00,-0.6557355158636043,-0.15913633323650067,-0.27546956135239387
2001-11-24T00:00:00+00:00,-0.47366045757026204,0.15958725520958383,-0.18055489060633623
2001-11-25T00:00:00+00:00,-0.463410120311583,0.45328335345279547,-0.24352967028273673
2001-11-26T00:00:00+00:00,-0.5409862245934058,-1.3285019760568801,-0.5916616168162228
2001-11-27T00:00:00+00:00,-0.4645784796266472,-0.429950916517205,-0.5644964236085056
2001-11-28T00:00:00+00:00,-0.6093160120230003,-0.5675303538742322,-0.5598655394961134
2001-11-29T00:00:00+00:00,-0.37867134470830605,-0.055245703008788116,-0.3838561297802067
2001-11-30T00:00:00+00:00,-0.4762940631111942,-0.1103435554399512,-0.7556127949180207
2001-12-01T00:00:00+00:00,-0.4966702971958838,-0.37598466586940854,-0.4743716493828245
2001-12-02T00:00:00+00:00,-0.3259595335205214,0.05741490172546285,-0.39008296311175744
2001-12-03T00:00:00+00:00,-0.4876296128668429,-0.007097187167740104,-0.21494984916669793
2001-12-04T00:00:00+00:00,-0.5442525372027271,1.0254675253902117,-0.16889215166158192
2001-12-05T00:00:00+00:00,-0.5451609506477791,0.4981197804268843,-0.08005609763096322
2001-12-06T00:00:00+00:00,-0.31487324721652227,1.341511084110528,0.05733217585933911
2001-12-07T00:00:00+00:00,-0.4893821255350056,0.18661146265146464,-0.0715751481998459
2001-12-08T00:00:00+00:00,-0.17161764742081043,-0.354203383455227,0.10275656214213845
2001-12-09T00:00:00+00:00,-0.540945029389979,-0.9737990658651806,-0.18076263026888784
2001-12-10T00:00:00+00:00,-0.14866287312973206,-1.2924855793619914,-0.3309901595484712
2001-12-11T00:00:00+00:00,-0.2826688629144405,-1.279531927593656,-0.1361537023270875
2001-12-12T00:00:00+00:00,-0.29881400671016806,-0.3539006305851726,-0.8784944154034844
2001-12-13T00:00:00+00:00,-0.3289210108715564,-0.13655322961906075,-0.3169662020368006
2001-12-14T00:00:00+00:00,-0.21972057815734278,-1.0075372205748465,-0.7062181254084978
2001-12-15T00:00:00+00:00,-0.2485258120231805,0.4475191570380479,-0.2785989312580339
2001-12-16T00:00:00+00:00,-0.11948777740291734,-0.024588656282957533,-0.2533917139897435
2001-12-17T00:00:00+00:00,-0.2033827245391528,0.4643122472267901,-0.21751540691609106
2001-12-18T00:00:00+00:00,-0.18469918555756176,1.2935742702186221,-0.10411581849708845
2001-12-19T00:00:00+00:00,-0.22095527110314395,0.9358836140236815,0.23476064770104796
2001-12-20T00:00:00+00:00,-0.17509860123102808,0.25665041728109717,0.0166029135679652
2001-12-21T00:00:00+00:00,-0.12338365287412431,-0.228654243148859,0.2874906586108511
2001-12-22T00:00:00+00:00,-0.3098947778635165,-1.0759077006646374,-0.025156166987111345
2001-12-23T00:00:00+00:00,-0.258369437112511,-0.576518529179993,-0.2742111708516877
2001-12-24T00:00:00+00:00,-0.033860831007147776,-0.4964808606478593,-0.3675700129871785
2001-12-25T00:00:00+00:00,-0.07570498388989792,-0.9810537196665008,-0.2976958842600417
2001-12-26T00:00:00+00:00,-0.09576665249897097,-0.5530924396370628,-0.4835306601182898
2001-12-27T00:00:00+00:00,-0.06007879081555027,-0.35248979975463257,-0.4150655619994011
2001-12-28T00:00:00+00:00,-0.011699529964761875,-0.32936986046282885,-0.4735290141446913
2001-12-29T00:00:00+00:00,-0.0849554184914084,-0.32500129041172204,-0.19523894150448667
2001-12-30T00:00:00+00:00,-0.09332249308048404,0.301269205542142,-0.09517013653833899
2001-12-31T00:00:00+00:00,0.019584525509767716,0.6118860660187132,0.12760698917332283
2002-01-01T00:00:00+00:00,-0.08234525722125291,-0.057735582630515425,-0.0274909361521178
2002-01-02T00:00:00+00:00,0.07180472603191695,1.1929301459640467,0.2333505699416762
2002-01-03T00:00:00+00:00,-0.12380065992285756,0.3416216750918891,0.20632619570681784
2002-01-04T00:00:00+00:00,0.1648377478546515,0.22636668103121826,0.31443283019359464
2002-01-05T00:00:00+00:00,0.12462806710500487,0.35410721162827613,0.14363803710250234
2002-01-06T00:00:00+00:00,0.11839450113407722,-0.10033380392702243,0.23479709365594242
2002-01-07T00:00:00+00:00,0.20645633880396821,0.0856525757226172,0.10717406735898814
2002-01-08T00:00:00+00:00,0.2900983393481949,-0.3439018734900007,-0.0461300685757697
2002-01-09T00:00:00+00:00,0.24031494509966456,-0.7936826434111318,0.011778269024436868
2002-01-10T00:00:00+00:00,-0.02992359336983516,-0.21016397863097258,-0.048704899178480865
2002-01-11T00:00:00+00:00,0.041446342185348733,-0.7888049732191046,-0.15751574304801647
2002-01-12T00:00:00+00:00,0.12211219211218802,0.05427985288825864,-0.08352787386725836
2002-01-13T00:00:00+00:00,0.20233846672483047,0.200326874236538,0.14905648861667467
2002-01-14T00:00:00+00:00,0.26657139145226666,0.2868573125977321,0.1729519498985993
2002-01-15T00:00:00+00:00,0.15724358428922053,0.42319520037144615,0.0895390892522591
2002-01-16T00:00:00+00:00,0.26343901822840116,-0.4534605666579055,0.026289085833894228
2002-01-17T00:00:00+00:00,0.1840958963572152,0.11655328736354598,0.029479224024397246
2002-01-18T00:00:00+00:00,0.21327732189146426,0.2633643201293359,0.260350244566606
2002-01-19T00:00:00+00:00,0.14847658583830425,0.07992819599870851,0.2638484186996259
2002-01-20T00:00:00+00:00,0.21144728502361104,-0.7307794400217427,0.15344943940090267
2002-01-21T00:00:00+00:00,0.18314004939710013,0.241938179198334,0.0684219007840958
2002-01-22T00:00:00+00:00,0.23516476330387126,-0.9205513801981609,-0.037516929846779616
2002-01-23T00:00:00+00:00,0.4524612452800286,-0.0027353558275468592,-0.19052973539185208
2002-01-24T00:00:00+00:00,0.2663993014021807,-0.17731856029816997,-0.12395347340166381
2002-01-25T00:00:00+00:00,0.638712448834823,-0.540055524480685,0.06550842940912738
2002-01-26T00:00:00+00:00,0.43882982338347537,0.8876554463047422,-0.03038005067425177
2002-01-27T00:00:00+00:00,0.42189001993585634,-0.3798765463194557,0.16039730710990652
2002-01-28T00:00:00+00:00,0.3313594657944434,0.8504928280390137,0.27127007636477773
2002-01-29T00:00:00+00:00,0.5008914440451073,0.9877551151123982,0.3462024853888478
2002-01-30T00:00:00+00:00,0.38683421252020167,0.1521538515525877,0.4544051549047734
2002-01-31T00:00:00+00:00,0.4700048309314293,1.0871483912661801,0.4977032206202002
2002-02-01T00:00:00+00:00,0.7270825004558734,0.09191861225931189,0.22877829270080496
2002-02-02T00:00:00+00:00,0.4745986644120031,0.1443468146399476,0.3933223955640658
2002-02-03T00:00:00+00:00,0.6121191144794246,-0.08678095017316909,0.2262770696055254
2002-02-04T00:00:00+00:00,0.43971393814941606,-0.45807011196928354,0.39187283351708113
2002-02-05T00:00:00+00:00,0.5192213970587232,-0.08205981951101687,0.27367860526674476
2002-02-06T00:00:00+00:00,0.7123340818282374,-0.09071959581480482,0.3528799821417121
2002-02-07T00:00:00+00:00,0.4849324773248359,-1.2651817278531095,0.1911187343898012
2002-02-08T00:00:00+00:00,0.7410869293964724,0.43522825188028313,0.06508760483043535
2002-02-09T00:00:00+00:00,0.6426642643467069,-0.8312459940178333,0.2111954003346157
2002-02-10T00:00:00+00:00,0.5275199273420558,0.7332149717296033,0.2509594455478139
2002-02-11T00:00:00+00:00,0.6587119303236014,0.954268309647798,0.33513989333089833
2002-02-12T00:00:00+00:00,0.7042547019123236,-0.05801925901668603,0.47937288140302886
2002-02-13T00:00:00+00:00,0.6805284867230195,0.2820568121136201,0.36794159750272293
2002-02-14T00:00:00+00:00,0.47249002235743576,-0.16193659300894542,0.41383914016712503
2002-02-15T00:00:00+00:00,0.5677772424711091,0.10948135441443033,0.31548605376207955
2002-02-16T00:00:00+00:00,0.6265277709111702,-0.15401714209286915,0.27821471159635414
2002-02-17T00:00:00+00:00,0.6544319777575816,0.1728883965759002,0.2713188694803501
2002-02-18T00:00:00+00:00,0.7343420886819665,0.26423863182580126,0.48563801484247393
2002-02-19T00:00:00+00:00,0.7002453277240313,0.21037794930406617,0.2706564901444676
2002-02-20T00:00:00+00:00,0.5589389083245333,-0.7685479693800648,0.29163310469452586
2002-02-21T00:00:00+00:00,0.7402860510642933,-0.4955266781062897,0.1945717818361583
2002-02-22T00:00:00+00:00,0.7729096656094816,-1.0586609656692523,-0.03965624437863491
2002-02-23T00:00:00+00:00,0.7772040241503124,-0.40293503324810126,0.14264751047016122
2002-02-24T00:00:00+00:00,0.8384632256620863,0.6993676861074937,-0.04373312970958354
2002-02-25T00:00:00+00:00,0.8227211134270622,1.198707153008133,0.2667012657629181
2002-02-26T00:00:00+00:00,0.7939715716520706,-0.12971047984905038,0.2639883576837879
2002-02-27T00:00:00+00:00,0.749539993925165,0.1912318265144678,0.740848547981116
2002-02-28T00:00:00+00:00,0.598739289023175,0.37771286275454796,0.7134691891461875
2002-03-01T00:00:00+00:00,0.815849384361481,0.3570224489685855,0.6293033730978596
2002-03-02T00:00:00+00:00,0.8014794879729477,-0.4048017599608108,0.5768767143217719
2002-03-03T00:00:00+00:00,0.8154604183493552,-0.004911347326740756,0.36397959117446665
2002-03-04T00:00:00+00:00,0.667985901366996,-0.627835414769472,0.3988366137962028
2002-03-05T00:00:00+00:00,0.694677557772767,-0.494690091530049,0.20182907142161013
2002-03-06T00:00:00+00:00,0.9149830680203088,-0.21432183208906636,0.25967065574649356
2002-03-07T00:00:00+00:00,0.812356916136706,-0.38770460632854586,0.35502876479276324
2002-03-08T00:00:00+00:00,0.8908652591040626,-0.4351348148220713,0.26501074349873743
2002-03-09T00:00:00+00:00,0.8317059965580167,-0.054804901962933056,0.20419969229273377
2002-03-10T00:00:00+00:00,0.8377631291708509,0.1727603899561131,0.08992945873890346
2002-03-11T00:00:00+00:00,0.9342818865382323,0.20591022629294667,0.311589533795759
2002-03-12T00:00:00+00:00,0.7942659793259682,0.3580659247573571,0.4185872471309218
2002-03-13T00:00:00+00:00,0.8606488263785261,1.2867875413432694,0.6516417850183719
2002-03-14T00:00:00+00:00,0.8097233357951338,0.6713754652046375,0.5723225805670484
2002-03-15T00:00:00+00:00,0.8171617211894832,0.06920171054421162,0.9191833189575098
2002-03-16T00:00:00+00:00,0.8340995931382064,0.34847720225536244,0.8921711332049572
2002-03-17T00:00:00+00:00,0.8913793210527402,-0.38385161443678084,0.6565438521933025
2002-03-18T00:00:00+00:00,0.8251826675000085,0.19564657755931347,0.527613033430312
2002-03-19T00:00:00+00:00,1.0022660222125304,-0.30264285999186014,0.3763238725004764
2002-03-20T00:00:00+00:00,0.7906027771331403,-0.5411150280930266,0.24504044232181882
2002-03-21T00:00:00+00:00,0.8644886588283124,-0.1670572783288827,0.3048958280918658
2002-03-22T00:00:00+00:00,0.8420533292494653,-1.0023799455930462,0.2897100610958949
2002-03-23T00:00:00+00:00,1.0333122865899609,-0.5633837344549026,0.03075739155566995
2002-03-24T00:00:00+00:00,0.9105947232297752,-0.38002063364075667,0.26915499081969346
2002-03-25T00:00:00+00:00,0.9961844424230024,0.4623872886158572,0.2147300533439222
2002-03-26T00:00:00+00:00,0.7462400789008594,1.3537214558334583,0.2284960167024781
2002-03-27T00:00:00+00:00,0.9230321231193869,1.6031140291872295,0.5825700041008711
2002-03-28T00:00:00+00:00,0.9865555553596836,0.7099412919544035,0.8502099331478352
2002-03-29T00:00:00+00:00,0.9068202779675503,0.4673641070310044,1.103718944611102
2002-03-30T00:00:00+00:00,1.0058730476222502,-0.900528867076364,0.8771087353578503
2002-03-31T00:00:00+00:00,0.8480628067718645,-0.4882787694257771,0.3787330617074902
2002-04-01T00:00:00+00:00,1.0409264097811293,-0.7848076171881376,0.4104887050309701
2002-04-02T00:00:00+00:00,1.1298148051511891,-0.7978877552164689,0.08813348859843093
2002-04-03T00:00:00+00:00,0.8633077965746557,-0.5715358653833094,0.2073753569434768
2002-04-04T00:00:00+00:00,0.8544414918864531,-0.6269610300825742,0.12887695489971052
2002-04-05T00:00:00+00:00,1.0434638924906232,-1.2065917747466746,0.015889380250298662
2002-04-06T00:00:00+00:00,1.0549502261518244,0.37395512805875614,0.37014073990775653
2002-04-07T00:00:00+00:00,0.8433087772753011,-0.3194296433111419,0.20113472717067513
2002-04-08T00:00:00+00:00,0.8519124826310873,0.5105391732895896,0.16509326509682418
2002-04-09T00:00:00+00:00,0.8638241967080588,1.5245052909658965,0.45715863073426855
2002-04-10T00:00:00+00:00,0.7553647801056786,0.027771660297704115,0.8373039922773237
2002-04-11T00:00:00+00:00,0.7954881403190278,-0.874228020139151,0.4624563516385176
2002-04-12T00:00:00+00:00,0.7842198201067776,0.0739397586187302,0.26469161512987055
2002-04-13T00:00:00+00:00,0.8048725659705283,0.5504798174993017,0.5110872061988919
2002-04-14T00:00:00+00:00,0.8749410068304536,0.7622318575515148,0.5411056857279315
2002-04-15T00:00:00+00:00,0.8983278502198077,-1.00569053846022,0.44838185253373986
2002-04-16T00:00:00+00:00,1.026194054003066,-0.23911434447264773,0.3656125890246419
2002-04-17T00:00:00+00:00,0.767288089633855,-0.7201191844809374,0.2857460101054897
2002-04-18T00:00:00+00:00,0.9612782751362255,-0.44388991838608505,0.3531681435860013
2002-04-19T00:00:00+00:00,0.8369140125448508,1.1052298039497268,0.12013791526066836
2002-04-20T00:00:00+00:00,0.8485790510457114,-0.7514851641975981,0.30537396683284873
2002-04-21T00:00:00+00:00,0.9159669782680394,0.34381170030606395,0.4854941397131557
2002-04-22T00:00:00+00:00,0.730921009509659,0.6247623271167247,0.5164087918243141
2002-04-23T00:00:00+00:00,0.8758925125525867,1.0303571185605809,0.6649260468225742
2002-04-24T00:00:00+00:00,0.8485068707950899,0.5364555328263596,0.6002912589042226
2002-04-25T00:00:00+00:00,0.8750703898542699,0.5449410109860717,0.48348955916113684
2002-04-26T00:00:00+00:00,0.8484610314755773,0.021117585847899772,0.6679220054343985
2002-04-27T00:00:00+00:00,1.058550236083306,0.1345634706225522,0.6375548478946228
2002-04-28T00:00:00+00:00,0.742481363236287,-0.3885380073074776,0.424570812148366
2002-04-29T00:00:00+00:00,0.7461518948663629,-0.08012979630597933,0.4533472839408114
2002-04-30T00:00:00+00:00,0.7296969309337059,-0.6722691241127295,0.3836968578818313
2002-05-01T00:00:00+00:00,0.7289879749223649,-0.2989137591398199,0.25944687402766664
2002-05-02T00:00:00+00:00,0.7130892025142693,-0.4055471480765132,0.36178171164705797
2002-05-03T00:00:00+00:00,0.8877916058855998,0.3460832558273095,0.16388976790890897
2002-05-04T00:00:00+00:00,0.902774576416743,-0.025696861794247038,0.24678045573397672
2002-05-05T00:00:00+00:00,0.6952583021018264,-0.6695743645446732,0.32050519465298083
2002-05-06T00:00:00+00:00,0.6604832215410968,1.021876491591015,0.40690542085831494
2002-05-07T00:00:00+00:00,0.7820258019399654,0.034597805659601855,0.3686201069746417
2002-05-08T00:00:00+00:00,0.6706096472607539,0.16058078676650434,0.5184958291396993
2002-05-09T00:00:00+00:00,0.7798577591799064,0.09308509421228128,0.5869048486405063
2002-05-10T00:00:00+00:00,0.7273771716559734,0.9041609161441881,0.3640651326305244
2002-05-11T00:00:00+00:00,0.5458212257306143,-1.0678371069893384,0.45860776684546195
2002-05-12T00:00:00+00:00,0.8422502716444956,1.3519323972712343,0.5015796358423625
2002-05-13T00:00:00+00:00,0.8569879120883601,0.13711266329901017,0.5196992133481375
2002-05-14T00:00:00+00:00,0.6058209407152982,-0.3758444990263303,0.6046060090243524
2002-05-15T00:00:00+00:00,0.6178316426842414,-0.5149109563990587,0.17956646592049175
2002-05-16T00:00:00+00:00,0.6744957613808578,-0.2481387038051845,0.23698160275651958
2002-05-17T00:00:00+00:00,0.6684709280951633,0.04361934463088485,0.2964540511046094
2002-05-18T00:00:00+00:00,0.689807531465564,0.3226077929750138,0.27285190176926966
2002-05-19T00:00:00+00:00,0.813716522405951,0.49474410256050766,0.4861962859375462
2002-05-20T00:00:00+00:00,0.5835627550427758,0.43570608186163684,0.32809247378172723
2002-05-21T00:00:00+00:00,0.5098109970343323,0.3887947459372459,0.4502404095382712
2002-05-22T00:00:00+00:00,0.43991731911145593,0.4118273142641608,0.5600423709677359
2002-05-23T00:00:00+00:00,0.49279352914205965,0.2934616010576758,0.4271421976932958
2002-05-24T00:00:00+00:00,0.5504434426796162,0.7838269179923214,0.5986518561386531
2002-05-25T00:00:00+00:00,0.7209174432542105,0.29677836114045103,0.5409955976855909
2002-05-26T00:00:00+00:00,0.47724559715961035,-1.6871361868909187,0.2314952588352841
2002-05-27T00:00:00+00:00,0.538773836277783,-0.06296535296912853,0.17301650769877322
2002-05-28T00:00:00+00:00,0.501988046561885,-0.3900958587315203,0.08750434138031322
2002-05-29T00:00:00+00:00,0.609555722031396,-0.49681833431386024,-0.11024904675476628
2002-05-30T00:00:00+00:00,0.7303502859331029,-0.5851749677784627,0.07039897269264
2002-05-31T00:00:00+00:00,0.4113692746222366,0.3451144904342127,0.29512210340865347
2002-06-01T00:00:00+00:00,0.40217368784937735,0.47376323106143187,0.20590593728441545
2002-06-02T00:00:00+00:00,0.542061524104729,-0.16949696435303085,0.23025918051072655
2002-06-03T00:00:00+00:00,0.4922327058691096,0.5944418847962731,0.4399149039434264
2002-06-04T00:00:00+00:00,0.5949867567312178,0.0016355888202698732,0.36278791638779717
2002-06-05T00:00:00+00:00,0.4548597244480438,-0.2023451263035525,0.44573596452621805
2002-06-06T00:00:00+00:00,0.34657109689389354,0.07755712893904049,0.2514989747568689
2002-06-07T00:00:00+00:00,0.4274858460032916,0.6481386057501526,0.5461592601614937
2002-06-08T00:00:00+00:00,0.4651016070491127,0.4765625226880458,0.2729679253715515
2002-06-09T00:00:00+00:00,0.4219853868033056,0.03960084048987764,0.5832509677777478
2002-06-10T00:00:00+00:00,0.3762697607675218,-0.028367847810003732,0.4262945366332115
2002-06-11T00:00:00+00:00,0.4177185503625771,-0.22937481253343245,0.31924548789064655
2002-06-12T00:00:00+00:00,0.41339719304664513,-0.80820475370239,0.18216696335017032
2002-06-13T00:00:00+00:00,0.4200122359459978,-0.17495446889705613,0.08756783747181093
2002-06-14T00:00:00+00:00,0.33191252610510713,0.18326289305506302,0.22528196026025815
2002-06-15T00:00:00+00:00,0.2354957996476097,0.3771456649067793,0.13695831965146193
2002-06-16T00:00:00+00:00,0.2519703120985398,0.8113985552960854,0.05101709388842149
2002-06-17T00:00:00+00:00,0.34297085908367925,0.7450676648345486,0.28917198127216437
2002-06-18T00:00:00+00:00,0.12558153610882936,0.6631880598617019,0.46942782654914206
2002-06-19T00:00:00+00:00,0.22903615478310746,1.0225390752491288,0.5588900633839334
2002-06-20T00:00:00+00:00,0.137671719581484,0.37765511160948206,0.47407389761890995
2002-06-21T00:00:00+00:00,0.1646644094464895,-0.22399545605507593,0.5063276805786148
2002-06-22T00:00:00+00:00,0.2743714979053957,-0.08153348197186872,0.15216057400731395
2002-06-23T00:00:00+00:00,0.15032918402987877,-0.5893931919619837,0.12767676739189895
2002-06-24T00:00:00+00:00,0.1205170145229393,-0.7285048787212041,-0.1918570348572268
2002-06-25T00:00:00+00:00,-0.03549250768846628,-0.5597232914486682,-0.07350794067672123
2002-06-26T00:00:00+00:00,0.1597084314382025,-0.883673916590897,-0.21139654279041772
2002-06-27T00:00:00+00:00,0.13419624942422587,-0.5448965060535356,-0.1514724323225192
2002-06-28T00:00:00+00:00,0.2705174219597618,-1.1637492030356806,-0.3992784836290358
2002-06-29T00:00:00+00:00,0.007942186208778287,0.10664685368645066,-0.11633460591698835
2002-06-30T00:00:00+00:00,0.045151628970814914,0.21754460723989202,-0.14038660391372504
2002-07-01T00:00:00+00:00,0.032684665570897,-0.01762857430008541,-0.001999636226005866
2002-07-02T00:00:00+00:00,0.14999903077652868,0.8170867903071106,0.050136447415537605
2002-07-03T00:00:00+00:00,-0.032766149443113526,0.9562490249041904,0.40123430969315
2002-07-04T00:00:00+00:00,-0.010817857127041749,-0.4128641909504683,0.0893206020257182
2002-07-05T00:00:00+00:00,0.006597701342440865,-0.16442051972431443,0.22597363341112198
2002-07-06T00:00:00+00:00,-0.05098691899447985,-0.3845711748936535,0.2624384151821271
2002-07-07T00:00:00+00:00,-0.1297264362905306,-0.6868934201132073,0.11281054330843765
2002-07-08T00:00:00+00:00,-0.08108410711969219,0.023821679731867662,-0.25183608429727533
2002-07-09T00:00:00+00:00,-0.008510184721344544,-0.584377025477315,-0.14891124288387286
2002-07-10T00:00:00+00:00,-0.23387080716899178,-0.6197213767462177,-0.351189435454497
2002-07-11T00:00:00+00:00,-0.1332293442299756,-1.392846923437399,-0.2942561349838996
2002-07-12T00:00:00+00:00,-0.23180200864692244,0.10076714554581565,-0.2670385268973363
2002-07-13T00:00:00+00:00,-0.05750093792173315,-0.6196291974267373,-0.5391044252672479
2002-07-14T00:00:00+00:00,-0.3444875143741922,0.24690818469193432,-0.3488856934891691
2002-07-15T00:00:00+00:00,-0.26316728793470917,0.529604210213099,-0.25876895130020133
2002-07-16T00:00:00+00:00,-0.18459877492638885,1.1677932540102374,0.04584371287436449
2002-07-17T00:00:00+00:00,-0.08074654053177088,-0.16694624346864245,-0.12107567706335264
2002-07-18T00:00:00+00:00,-0.2587826337865913,-1.1188403366763873,0.07599931085137591
2002-07-19T00:00:00+00:00,-0.32256149001546014,0.3088666419356242,-0.07504864369165182
2002-07-20T00:00:00+00:00,-0.0936806298981834,0.9002555907554332,-0.04189766650957999
2002-07-21T00:00:00+00:00,-0.44126902404369966,0.40253130691095335,-0.13529184153333262
2002-07-22T00:00:00+00:00,-0.5309316770656659,-0.2860860335967047,0.0851701593086628
2002-07-23T00:00:00+00:00,-0.28154091265145476,-0.7332820489069345,0.09537794012537104
2002-07-24T00:00:00+00:00,-0.3901425911188293,-0.08390265777225964,-0.18968527765333498
2002-07-25T00:00:00+00:00,-0.45635453070389076,-0.8776888410862632,-0.26589983410969464
2002-07-26T00:00:00+00:00,-0.2975847182041229,0.02123701511932799,-0.3674860021049336
2002-07-27T00:00:00+00:00,-0.35812023459547715,0.25273507958330166,-0.44335892181381437
2002-07-28T00:00:00+00:00,-0.4528747689891163,0.7470468233082004,-0.14876743447682006
2002-07-29T00:00:00+00:00,-0.5383464640247,1.770745760689553,0.07030160337446446
2002-07-30T00:00:00+00:00,-0.3367978240784631,0.683671939680293,-0.07156921226460705
2002-07-31T00:00:00+00:00,-0.3726253186019547,0.23298214323716665,0.35175604803305693
2002-08-01T00:00:00+00:00,-0.4610352184791356,0.3781285851380173,0.20946546034051858
2002-08-02T00:00:00+00:00,-0.2797924523094998,-0.6675960828857727,-0.027793464364850473
2002-08-03T00:00:00+00:00,-0.5846655199783537,-0.34735656554451194,-0.2501136454719757
2002-08-04T00:00:00+00:00,-0.6432689117790579,-0.4215830886153332,-0.254698477404223
2002-08-05T00:00:00+00:00,-0.572821143157281,-0.6529599402013071,-0.5305694988563606
2002-08-06T00:00:00+00:00,-0.520953642749442,-0.41128652007404737,-0.33110200622634145
2002-08-07T00:00:00+00:00,-0.5046727821309562,-0.8986739222820112,-0.4089496665994091
2002-08-08T00:00:00+00:00,-0.5655852626880624,0.16959959242821782,-0.4695229348188874
2002-08-09T00:00:00+00:00,-0.518550600315564,-0.2168383370996928,-0.4274953915550087
2002-08-10T00:00:00+00:00,-0.6910404755552939,-0.004650160569301325,-0.5247117520943541
2002-08-11T00:00:00+00:00,-0.43347278150557933,0.052994511302317415,-0.3028864630932452
2002-08-12T00:00:00+00:00,-0.5978558393274314,0.46851108316349704,-0.23213883123285367
2002-08-13T00:00:00+00:00,-0.4895278946333672,0.9000130884247246,-0.07811253530022733
2002-08-14T00:00:00+00:00,-0.5784235338915436,0.05389884823546193,-0.3249213051372616
2002-08-15T00:00:00+00:00,-0.5782777822829005,0.0618574966963929,-0.20170216501953442
2002-08-16T00:00:00+00:00,-0.5780485210732385,0.06507885517046388,-0.12208251916213178
2002-08-17T00:00:00+00:00,-0.6011383663066328,-0.6729354617366079,-0.21491034192125655
2002-08-18T00:00:00+00:00,-0.5923295226910825,-0.6265707994195204,-0.3096266346852443
2002-08-19T00:00:00+00:00,-0.534184556750493,-0.6290261780063336,-0.540133965157535
2002-08-20T00:00:00+00:00,-0.6577480278086602,-0.05026936573454854,-0.5517285725317093
2002-08-21T00:00:00+00:00,-0.6165993757526366,-0.3561832915899508,-0.5335893070410485
2002-08-22T00:00:00+00:00,-0.7063692066590583,-0.29412078555025245,-0.5858504479148979
2002-08-23T00:00:00+00:00,-0.5630731480258946,0.20850711152521065,-0.3240756427359161
2002-08-24T00:00:00+00:00,-0.7842038076102796,-0.06868589419970322,-0.3600882209749156
2002-08-25T00:00:00+00:00,-0.5457379083977669,0.4121742945232114,-0.6294036923656428
2002-08-26T00:00:00+00:00,-0.7389000413657588,0.3393048647677526,-0.286063934431877
2002-08-27T00:00:00+00:00,-0.8867962890633231,0.6201451307907253,-0.3058944346732067
2002-08-28T00:00:00+00:00,-0.7395224899856937,0.19608462728512344,-0.29476185324233084
2002-08-29T00:00:00+00:00,-0.828829317365244,-0.8284928379041866,-0.44192295968113443
2002-08-30T00:00:00+00:00,-0.6848255978759707,0.14980228846562824,-0.21424369967508217
2002-08-31T00:00:00+00:00,-0.8420903131751581,0.7113740680499804,-0.15169461018932925
2002-09-01T00:00:00+00:00,-0.8291540301598662,0.24616583156203442,-0.36458629939930554
2002-09-02T00:00:00+00:00,-0.9809650566707351,0.09178300106157022,-0.39334834869091817
2002-09-03T00:00:00+00:00,-0.8444822222914512,0.130601404812199,-0.23585157977041055
2002-09-04T00:00:00+00:00,-1.0486432943243131,-0.443135160610197,-0.31464291547232587
2002-09-05T00:00:00+00:00,-0.9714105044407876,-0.2922578875312158,-0.5171894745744544
2002-09-06T00:00:00+00:00,-0.743502701470364,-0.5257678172759602,-0.6338909278575918
2002-09-07T00:00:00+00:00,-0.74724524758837,-0.15803642801354056,-0.7945249978724109
2002-09-08T00:00:00+00:00,-0.7893158937952875,0.5248274444443533,-0.5506704667003262
2002-09-09T00:00:00+00:00,-0.9343491522471027,0.9928579598184198,-0.45435397102593766
2002-09-10T00:00:00+00:00,-0.847964347280086,0.41774081825040893,-0.3702054214995146
2002-09-11T00:00:00+00:00,-0.8488452829604349,0.2623693236652047,-0.20937213171343322
2002-09-12T00:00:00+00:00,-0.9693618909302081,0.3911797206623156,-0.20929970317979285
2002-09-13T00:00:00+00:00,-0.7079730667906853,0.5175452440233475,-0.07566402108717724
2002-09-14T00:00:00+00:00,-0.7751098062309988,-0.7219274080667498,-0.5121969982647572
2002-09-15T00:00:00+00:00,-0.8892199110907003,-1.3650323461273968,-0.4379659288400234
2002-09-16T00:00:00+00:00,-0.8684554208222045,-0.6661841659798002,-0.7090862389217183
2002-09-17T00:00:00+00:00,-0.8540680961713998,-1.0978201690479867,-0.8932663537202663
2002-09-18T00:00:00+00:00,-1.08258298241156,-0.7415340549145673,-0.9599148668705605
2002-09-19T00:00:00+00:00,-0.9063700607330003,-0.46480590064275606,-0.8712327814753139
2002-09-20T00:00:00+00:00,-0.9528323215817635,-0.4435660740703016,-0.6884697461630935
2002-09-21T00:00:00+00:00,-0.9875153359569383,0.7262337672353747,-0.5848141447107303
2002-09-22T00:00:00+00:00,-0.9179198604977019,0.38031425185993284,-0.38352763793612815
2002-09-23T00:00:00+00:00,-0.7122340049091569,0.5411529210394193,-0.41514434007021955
2002-09-24T00:00:00+00:00,-0.8298468782139716,0.7985675281126137,-0.3632817738018332
2002-09-25T00:00:00+00:00,-0.9527126789689073,-0.08195260279947159,-0.27306349667885055
2002-09-26T00:00:00+00:00,-0.8397347334431371,0.910471634944158,-0.31692220757455014
2002-09-27T00:00:00+00:00,-0.7581899011202526,0.1790597262910698,-0.09117251908616805
2002-09-28T00:00:00+00:00,-0.8065283757352534,0.3352403086206097,-0.26165720758031163
2002-09-29T00:00:00+00:00,-0.8936286156266042,-0.7528704860788457,-0.2665588120703227
2002-09-30T00:00:00+00:00,-0.9646186705598214,-1.167795124242034,-0.43665034652008095
2002-10-01T00:00:00+00:00,-0.8301693344012122,-0.07851912707839709,-0.3853938167987195
2002-10-02T00:00:00+00:00,-0.8604431132397268,-0.29925919304215587,-0.6163839720051583
2002-10-03T00:00:00+00:00,-0.8098056881129421,-0.8419415184127823,-0.646070516795032
2002-10-04T00:00:00+00:00,-0.8350746988718111,-0.6517734101961262,-0.5225779614565673
2002-10-05T00:00:00+00:00,-0.7926372042654065,0.5627173922073759,-0.674951088625489
2002-10-06T00:00:00+00:00,-0.949850617688518,-0.3777640768749008,-0.7293907725857011
2002-10-07T00:00:00+00:00,-0.7630567096411243,1.2122522178619977,-0.6278734995520834
2002-10-08T00:00:00+00:00,-0.8732400280068993,0.03715358876697589,-0.25537306999380566
2002-10-09T00:00:00+00:00,-0.6834131583160915,0.8066599188951069,-0.38175046615610836
2002-10-10T00:00:00+00:00,-0.9575332799635451,0.22660650335952037,-0.2430596922256255
2002-10-11T00:00:00+00:00,-0.7124300547603587,0.5185355850999553,-0.1510732087420073
2002-10-12T00:00:00+00:00,-0.8633847448981837,-0.2720570010570821,-0.23132094163112313
2002-10-13T00:00:00+00:00,-0.9452053077165361,-0.298338322594931,-0.29593485921477547
2002-10-14T00:00:00+00:00,-0.925078993060611,-0.37045615353615213,-0.33904853245082933
2002-10-15T00:00:00+00:00,-0.9050922604857888,-0.9885576839816455,-0.4919674162574187
2002-10-16T00:00:00+00:00,-0.8267493492491783,-0.11705178338085359,-0.6560927599091255
2002-10-17T00:00:00+00:00,-0.8127332566815215,-0.6475225244698086,-0.741584533091284
2002-10-18T00:00:00+00:00,-0.9179813443265731,-0.331241827228798,-0.7953515956450763
2002-10-19T00:00:00+00:00,-0.8583863238917367,-0.4971746873042757,-0.6376751659805826
2002-10-20T00:00:00+00:00,-0.6368097128232423,-1.0642249598388762,-0.6282278496256493
2002-10-21T00:00:00+00:00,-0.6731161351376354,0.29540185993392476,-0.5927283565835217
2002-10-22T00:00:00+00:00,-0.7968211389732301,1.6937716668973657,-0.27836405640583395
2002-10-23T00:00:00+00:00,-0.830987167404458,0.8797661000399233,-0.4460407609281185
2002-10-24T00:00:00+00:00,-0.8168710262731462,0.3812855513668221,-0.04387072895083871
2002-10-25T00:00:00+00:00,-0.7613633920937589,0.08549645495465974,0.1674911690788743
2002-10-26T00:00:00+00:00,-0.9185916880422133,0.011232946406019757,0.042159404122236066
2002-10-27T00:00:00+00:00,-0.8354054364293542,0.056617688028830826,-0.07879080452988346
2002-10-28T00:00:00+00:00,-0.9696416192013534,-0.9813221488884284,-0.625824855283216
2002-10-29T00:00:00+00:00,-0.7557384466885004,0.0696968912435294,-0.5367081435883772
2002-10-30T00:00:00+00:00,-0.723582940659546,-0.1297732983702906,-0.5515668342731086
2002-10-31T00:00:00+00:00,-0.8290293654865747,-0.031822878380055486,-0.4888082862820138
2002-11-01T00:00:00+00:00,-0.6154888861192197,0.002295999846065211,-0.6298093356298097
2002-11-02T00:00:00+00:00,-0.8874119486750098,0.009808328846992995,-0.417050790348304
2002-11-03T00:00:00+00:00,-0.9029940530920132,0.5533724875421793,-0.20042754499608972
2002-11-04T00:00:00+00:00,-0.7256083818732311,0.6868228081046917,-0.1702235057253857
2002-11-05T00:00:00+00:00,-0.6346190677109587,0.3104436006203999,-0.22986525788110432
2002-11-06T00:00:00+00:00,-0.5619923839608398,0.20066306964246333,-0.23042074767401208
2002-11-07T00:00:00+00:00,-0.767113405644103,0.44184388886501946,-0.30907648547256605
2002-11-08T00:00:00+00:00,-0.6039830077379703,0.9914519453063714,-0.06341260476244537
2002-11-09T00:00:00+00:00,-0.7061171129137696,-0.6195535378269431,-0.15238439388535124
2002-11-10T00:00:00+00:00,-0.7097360741896271,-0.9507045024349845,-0.3148413994380411
2002-11-11T00:00:00+00:00,-0.5941092338820403,-0.3085353206157586,-0.3673368992276385
2002-11-12T00:00:00+00:00,-0.6070425910855596,-0.4620201051629015,-0.721073642206611
2002-11-13T00:00:00+00:00,-0.8195145363660141,-0.4007931239057109,-0.683237404732059
2002-11-14T00:00:00+00:00,-0.5036255994937319,-0.2689391422797616,-0.40101586718282417
2002-11-15T00:00:00+00:00,-0.5024818246388527,-0.3285429968761851,-0.659796663079092
2002-11-16T00:00:00+00:00,-0.6920687644974364,0.7449317193010283,-0.3496429997112651
2002-11-17T00:00:00+00:00,-0.5787671371575608,-0.5835101196794982,-0.2864622645672727
2002-11-18T00:00:00+00:00,-0.5575962383213787,-0.023332771156109378,-0.5811888660522889
2002-11-19T00:00:00+00:00,-0.5694037798356619,0.4358365760163857,-0.20880351150819548
2002-11-20T00:00:00+00:00,-0.6387971203160254,-0.3341304494861674,-0.13346986306879693
2002-11-21T00:00:00+00:00,-0.6390514075949654,0.3029885390179795,-0.36499927258673415
2002-11-22T00:00:00+00:00,-0.562397480695926,1.0476769524227965,0.14036062166938493
2002-11-23T00:00:00+00:00,-0.43035628117767827,0.010443244147999022,-0.2993765588366096
2002-11-24T00:00:00+00:00,-0.4808940028052454,-0.1015914166994386,-0.08629034998912619
2002-11-25T00:00:00+00:00,-0.5597816793170334,-1.0209981238203003,-0.31282681439075555
2002-11-26T00:00:00+00:00,-0.4328617095971738,-0.7956446601106468,-0.32834508871977414
2002-11-27T00:00:00+00:00,-0.7820460439138655,-0.6750621462528796,-0.4953533354515649
2002-11-28T00:00:00+00:00,-0.36932808434725994,-0.5497732896121355,-0.6028007239493789
2002-11-29T00:00:00+00:00,-0.6450454245068062,0.4238800279430921,-0.47930718134197575
2002-11-30T00:00:00+00:00,-0.4940479436072087,0.27884553036253873,-0.5974564385653486
2002-12-01T00:00:00+00:00,-0.5563649846065958,-0.3387871089097405,-0.24219580338836005
2002-12-02T00:00:00+00:00,-0.5603286036763026,0.5141681304500093,-0.3283738463345037
2002-12-03T00:00:00+00:00,-0.3011125650747167,0.7365748303392996,0.04067011570920019
2002-12-04T00:00:00+00:00,-0.4501765276975591,1.0575384753515455,0.008123106014677153
2002-12-05T00:00:00+00:00,-0.3548476451223173,1.1811860845182087,0.10480605339229901
2002-12-06T00:00:00+00:00,-0.3801663002390049,-0.2906052263551372,0.05651267910692233
2002-12-07T00:00:00+00:00,-0.31363510756306534,-0.4054287556051686,-0.14034459467940574
2002-12-08T00:00:00+00:00,-0.33941487651322305,-0.8457307990160787,-0.15208238101292643
2002-12-09T00:00:00+00:00,-0.4610513110204655,-0.5079256707874942,-0.1932652385556135
2002-12-10T00:00:00+00:00,-0.21868182801402053,-0.25428476886774487,-0.2641878040537232
2002-12-11T00:00:00+00:00,-0.3531462679508338,0.006203302203637462,-0.4146108629579927
2002-12-12T00:00:00+00:00,-0.4448008853891042,-0.42889125305528664,-0.35528019800850197
2002-12-13T00:00:00+00:00,-0.3172406182872529,-0.3768656311861983,-0.4163452779252968
2002-12-14T00:00:00+00:00,-0.10955821052911893,0.07587899612436431,-0.2110459064616111
2002-12-15T00:00:00+00:00,-0.15974016756934817,-0.20062958125624575,-0.13522964835480528
2002-12-16T00:00:00+00:00,-0.26468317904535715,1.4356851020814045,0.06806637294176182
2002-12-17T00:00:00+00:00,-0.24973125983719832,-0.3163665574681185,-0.24846251758300533
2002-12-18T00:00:00+00:00,-0.231892866825488,0.5798342455387769,-0.03898087854343001
2002-12-19T00:00:00+00:00,0.023080748474325535,1.4027188508488482,0.25848969296246427
2002-12-20T00:00:00+00:00,-0.1312104936357662,0.22034179183878008,0.3170002132718721
2002-12-21T00:00:00+00:00,-0.11115966504422507,-0.09501951750073596,0.02524252804831329
2002-12-22T00:00:00+00:00,-0.035849593194671514,-0.3956645809639745,-0.04094065998779972
2002-12-23T00:00:00+00:00,-0.09967197899929012,-0.48111158211521843,0.03732081569038309
2002-12-24T00:00:00+00:00,-0.13409145499148822,0.19896028124735538,0.028404549742341592
2002-12-25T00:00:00+00:00,-0.11242651261119016,-1.5933949117556694,-0.39385568798307996
2002-12-26T00:00:00+00:00,-0.08452844480510967,0.37580110941414857,-0.1095765208288988
2002-12-27T00:00:00+00:00,-0.06564440777307398,-0.9289204457838586,-0.14377148057699962
2002-12-28T00:00:00+00:00,0.02630525386276719,-0.13332616461722405,-0.24449435292439053
2002-12-29T00:00:00+00:00,-0.025784861879744124,0.002319659409450725,-0.2868380165914558
2002-12-30T00:00:00+00:00,0.057771987181306536,0.685192376119371,-0.000700825739815579
